 '1545500708104', '"Personal Life"'
 '1545500779959', '"Resting"'
 '1545503400000', '"Resting"'
 '1545524030389', '"Social"'
 '1545524497396', '"Art & Entertainment"'
 '1545524722182', '"Social"'
 '1545524891471', '"Resting"'
 '1545532021811', '"Personal Life"'
 '1545533704076', '"Personal Life"'
 '1545533828549', '"Personal Life"'
 '1545533989054', '"Personal Life"'
 '1545534148918', '"Transport"'
 '1545534348041', '"Transport"'
 '1545534743523', '"Art & Entertainment"'
 '1545534903036', '"Art & Entertainment"'
 '1545535081183', '"Transport"'
 '1545535565795', '"Personal Life"'
 '1545536119118', '"No category"'
 '1545536267695', '"Personal Life"'
 '1545536437302', '"Social"'
 '1545536951121', '"Personal Life"'
 '1545540417795', '"Transport"'
 '1545541394566', '"Personal Life"'
 '1545542048086', '"Transport"'
 '1545542954103', '"Transport"'
 '1545543396577', '"Social"'
 '1545543624525', '"No category"'
 '1545544003218', '"Social"'
 '1545544787322', '"Social"'
 '1545544895858', '"No category"'
 '1545545111028', '"Transport"'
 '1545545244535', '"No category"'
 '1545545746261', '"Social"'
 '1545545934954', '"No category"'
 '1545546356013', '"Personal Life"'
 '1545546725892', '"Social"'
 '1545547410529', '"Art & Entertainment"'
 '1545547596303', '"No category"'
 '1545547846529', '"Social"'
 '1545548069179', '"Personal Life"'
 '1545548199312', '"Transport"'
 '1545548890298', '"Social"'
 '1545549034107', '"Transport"'
 '1545549643608', '"Social"'
 '1545549760659', '"Transport"'
 '1545550083569', '"Social"'
 '1545550182486', '"Transport"'
 '1545550491987', '"No category"'
 '1545550637309', '"Transport"'
 '1545551132741', '"No category"'
 '1545551302905', '"Personal Life"'
 '1545551518053', '"Transport"'
 '1545552746379', '"Transport"'
 '1545553064257', '"Transport"'
 '1545553290683', '"No category"'
 '1545554881536', '"Transport"'
 '1545555541442', '"Transport"'
 '1545556515647', '"Transport"'
 '1545556762744', '"Personal Life"'
 '1545557262623', '"Social"'
 '1545557815374', '"Personal Life"'
 '1545558009812', '"Personal Life"'
 '1545558465853', '"Personal Life"'
 '1545559226094', '"Personal Life"'
 '1545559345394', '"Personal Life"'
 '1545559936591', '"Personal Life"'
 '1545560163889', '"Personal Life"'
 '1545561618601', '"No category"'
 '1545561765381', '"No category"'
 '1545561911505', '"Chores"'
 '1545562268462', '"Social"'
 '1545562382214', '"Personal Life"'
 '1545562686206', '"Social"'
 '1545563021688', '"Personal Life"'
 '1545563328899', '"No category"'
 '1545563481666', '"Personal Life"'
 '1545564223301', '"Personal Life"'
 '1545564376854', '"Personal Life"'
 '1545564520746', '"Social"'
 '1545566545549', '"Personal Life"'
 '1545566744308', '"Transport"'
 '1545567649595', '"Transport"'
 '1545569694898', '"Personal Life"'
 '1545570442493', '"No category"'
 '1545572007628', '"Transport"'
 '1545572418559', '"Art & Entertainment"'
 '1545572538211', '"Chores"'
 '1545572752280', '"Transport"'
 '1545573001001', '"Art & Entertainment"'
 '1545573103083', '"Personal Life"'
 '1545573225725', '"Social"'
 '1545573378986', '"Personal Life"'
 '1545573713460', '"Transport"'
 '1545573911843', '"Personal Life"'
 '1545576497809', '"Art & Entertainment"'
 '1545576977047', '"Personal Life"'
 '1545577352209', '"Art & Entertainment"'
 '1545581947842', '"Social"'
 '1545582099373', '"Art & Entertainment"'
 '1545586152084', '"Personal Life"'
 '1545589800000', '"Resting"'
 '1545613211664', '"Personal Life"'
 '1545613885131', '"Social"'
 '1545614004743', '"Personal Life"'
 '1545614738129', '"Art & Entertainment"'
 '1545614898878', '"Personal Life"'
 '1545617428865', '"Social"'
 '1545617588544', '"Personal Life"'
 '1545618081375', '"Transport"'
 '1545619050168', '"Transport"'
 '1545619447593', '"No category"'
 '1545619919157', '"No category"'
 '1545620039735', '"No category"'
 '1545621003600', '"Social"'
 '1545627700340', '"Transport"'
 '1545628154482', '"No category"'
 '1545631982799', '"Transport"'
 '1545634108108', '"Personal Life"'
 '1545634596495', '"Art & Entertainment"'
 '1545635392144', '"Personal Life"'
 '1545638095273', '"Chores"'
 '1545638585194', '"Personal Life"'
 '1545638775703', '"No category"'
 '1545639030741', '"Personal Life"'
 '1545646119738', '"No category"'
 '1545646578438', '"Social"'
 '1545647130809', '"Personal Life"'
 '1545647328957', '"No category"'
 '1545648676059', '"Personal Life"'
 '1545649138721', '"Personal Life"'
 '1545649580944', '"Personal Life"'
 '1545650462001', '"Personal Life"'
 '1545651006736', '"Art & Entertainment"'
 '1545651120362', '"Personal Life"'
 '1545651271907', '"Professional Life"'
 '1545651446640', '"Art & Entertainment"'
 '1545651608097', '"Art & Entertainment"'
 '1545652268888', '"Personal Life"'
 '1545652542872', '"Professional Life"'
 '1545652673805', '"Professional Life"'
 '1545652824090', '"Professional Life"'
 '1545653014234', '"Personal Life"'
 '1545653163740', '"Social"'
 '1545653477423', '"Personal Life"'
 '1545653762025', '"Social"'
 '1545656009313', '"Transport"'
 '1545656273722', '"Personal Life"'
 '1545657161161', '"Personal Life"'
 '1545657265608', '"Social"'
 '1545657898460', '"Art & Entertainment"'
 '1545661129668', '"Personal Life"'
 '1545661281386', '"Transport"'
 '1545662115871', '"Personal Life"'
 '1545662454057', '"Personal Life"'
 '1545662808631', '"Personal Life"'
 '1545663005096', '"No category"'
 '1545663131848', '"Social"'
 '1545663414111', '"Personal Life"'
 '1545663577502', '"Chores"'
 '1545663729725', '"Art & Entertainment"'
 '1545664888392', '"Social"'
 '1545665187229', '"Art & Entertainment"'
 '1545666582845', '"Social"'
 '1545666992640', '"Art & Entertainment"'
 '1545668402218', '"Personal Life"'
 '1545668658996', '"Personal Life"'
 '1545668824574', '"Personal Life"'
 '1545669225569', '"No category"'
 '1545669333506', '"Art & Entertainment"'
 '1545669632320', '"Personal Life"'
 '1545669921633', '"Art & Entertainment"'
 '1545670151031', '"No category"'
 '1545670462076', '"Personal Life"'
 '1545670910092', '"Art & Entertainment"'
 '1545671400891', '"Social"'
 '1545671548793', '"Art & Entertainment"'
 '1545672003019', '"Personal Life"'
 '1545673182253', '"Personal Life"'
 '1545673279968', '"Personal Life"'
 '1545675517549', '"No category"'
 '1545676200000', '"No category"'
 '1545676494543', '"Personal Life"'
 '1545676986636', '"Social"'
 '1545677274559', '"Personal Life"'
 '1545677698206', '"Resting"'
 '1545694603399', '"No category"'
 '1545694743129', '"Personal Life"'
 '1545700331094', '"Social"'
 '1545700503118', '"Personal Life"'
 '1545701757723', '"Chores"'
 '1545701933402', '"No category"'
 '1545702057552', '"Personal Life"'
 '1545703176376', '"Transport"'
 '1545703468051', '"Transport"'
 '1545704773027', '"Personal Life"'
 '1545705020863', '"Transport"'
 '1545705427600', '"Personal Life"'
 '1545705951738', '"Transport"'
 '1545706132381', '"Personal Life"'
 '1545706431579', '"No category"'
 '1545706571110', '"Personal Life"'
 '1545707675132', '"Personal Life"'
 '1545707917134', '"Personal Life"'
 '1545708666402', '"Personal Life"'
 '1545708980067', '"Personal Life"'
 '1545709406374', '"Social"'
 '1545709635149', '"No category"'
 '1545709852631', '"Personal Life"'
 '1545710171532', '"Art & Entertainment"'
 '1545710445781', '"No category"'
 '1545711580667', '"Hobbies"'
 '1545711818374', '"Art & Entertainment"'
 '1545713745580', '"No category"'
 '1545714156553', '"Art & Entertainment"'
 '1545714973350', '"No category"'
 '1545716116271', '"Art & Entertainment"'
 '1545719191685', '"No category"'
 '1545719364658', '"Social"'
 '1545719674225', '"No category"'
 '1545720138274', '"No category"'
 '1545721282395', '"Transport"'
 '1545722432096', '"Personal Life"'
 '1545724739236', '"Personal Life"'
 '1545725627976', '"Personal Life"'
 '1545726069192', '"Personal Life"'
 '1545732174957', '"No category"'
 '1545732559339', '"Art & Entertainment"'
 '1545732857968', '"Social"'
 '1545732971180', '"Social"'
 '1545733180790', '"Social"'
 '1545733325198', '"Personal Life"'
 '1545733804362', '"Transport"'
 '1545734624671', '"Personal Life"'
 '1545737637188', '"Social"'
 '1545737988882', '"Art & Entertainment"'
 '1545738503266', '"Social"'
 '1545738768203', '"Social"'
 '1545738878337', '"Art & Entertainment"'
 '1545739073254', '"Social"'
 '1545739222628', '"Art & Entertainment"'
 '1545741048520', '"Personal Life"'
 '1545741540950', '"Art & Entertainment"'
 '1545742015641', '"Social"'
 '1545742634070', '"Art & Entertainment"'
 '1545742765075', '"Personal Life"'
 '1545742920917', '"Art & Entertainment"'
 '1545743019637', '"Personal Life"'
 '1545743448538', '"Social"'
 '1545743677941', '"Personal Life"'
 '1545744104331', '"Art & Entertainment"'
 '1545745879598', '"No category"'
 '1545746005911', '"Personal Life"'
 '1545747684028', '"Social"'
 '1545747956452', '"Personal Life"'
 '1545748320034', '"Resting"'
 '1545748337124', '"Art & Entertainment"'
 '1545751141304', '"Resting"'
 '1545752402954', '"Art & Entertainment"'
 '1545754368424', '"Resting"'
 '1545755033968', '"No category"'
 '1545755202540', '"Art & Entertainment"'
 '1545756146037', '"Social"'
 '1545756249762', '"No category"'
 '1545756368507', '"No category"'
 '1545756624890', '"Art & Entertainment"'
 '1545756735463', '"No category"'
 '1545757167650', '"Social"'
 '1545757361001', '"Professional Life"'
 '1545757553482', '"Social"'
 '1545757935025', '"Social"'
 '1545758238453', '"No category"'
 '1545758734668', '"Social"'
 '1545759081746', '"No category"'
 '1545759350533', '"Resting"'
 '1545759511142', '"Resting"'
 '1545759776535', '"Resting"'
 '1545762600000', '"Resting"'
 '1545779547588', '"Transport"'
 '1545779697692', '"Transport"'
 '1545779932973', '"Social"'
 '1545780096547', '"Resting"'
 '1545780853360', '"Transport"'
 '1545781212838', '"Resting"'
 '1545783316224', '"No category"'
 '1545783637641', '"Transport"'
 '1545784289678', '"Sport & Fitness"'
 '1545785163243', '"Personal Life"'
 '1545789523935', '"Transport"'
 '1545789686546', '"Personal Life"'
 '1545789912882', '"Social"'
 '1545790108228', '"Personal Life"'
 '1545790598125', '"Transport"'
 '1545791163116', '"Social"'
 '1545799601145', '"Transport"'
 '1545800163742', '"Social"'
 '1545805144259', '"No category"'
 '1545805288201', '"Social"'
 '1545808112202', '"No category"'
 '1545808342520', '"Transport"'
 '1545808566301', '"No category"'
 '1545808764381', '"No category"'
 '1545809569770', '"Transport"'
 '1545811181978', '"Professional Life"'
 '1545812117323', '"No category"'
 '1545812231287', '"Professional Life"'
 '1545812720267', '"Social"'
 '1545813103751', '"Art & Entertainment"'
 '1545814467892', '"Professional Life"'
 '1545814678877', '"Transport"'
 '1545814862446', '"Transport"'
 '1545815161023', '"Transport"'
 '1545815470520', '"Social"'
 '1545815569699', '"Social"'
 '1545815955539', '"Transport"'
 '1545816098710', '"Transport"'
 '1545816487204', '"Personal Life"'
 '1545817124840', '"Transport"'
 '1545817245072', '"Personal Life"'
 '1545817405043', '"No category"'
 '1545817812943', '"Transport"'
 '1545818298779', '"No category"'
 '1545818668912', '"Transport"'
 '1545818919442', '"Transport"'
 '1545819102632', '"Transport"'
 '1545819626262', '"No category"'
 '1545819967172', '"Social"'
 '1545820173198', '"Personal Life"'
 '1545825736351', '"Chores"'
 '1545826454103', '"Personal Life"'
 '1545826690893', '"No category"'
 '1545826905649', '"Social"'
 '1545827193606', '"Personal Life"'
 '1545827366528', '"Social"'
 '1545827861146', '"Social"'
 '1545827979048', '"Chores"'
 '1545828238497', '"Personal Life"'
 '1545828397295', '"Chores"'
 '1545828625799', '"Social"'
 '1545828746242', '"Chores"'
 '1545829030106', '"Personal Life"'
 '1545829778664', '"No category"'
 '1545829982659', '"Art & Entertainment"'
 '1545830235477', '"No category"'
 '1545830331513', '"Personal Life"'
 '1545830736235', '"Social"'
 '1545831054179', '"Personal Life"'
 '1545831472374', '"No category"'
 '1545831803050', '"Transport"'
 '1545832704633', '"Transport"'
 '1545832870557', '"Social"'
 '1545833011055', '"Social"'
 '1545833176894', '"Social"'
 '1545833496241', '"Social"'
 '1545833720387', '"Personal Life"'
 '1545834842228', '"No category"'
 '1545835297919', '"Personal Life"'
 '1545835641574', '"No category"'
 '1545835793240', '"Personal Life"'
 '1545837271515', '"No category"'
 '1545838035184', '"Social"'
 '1545838226223', '"Personal Life"'
 '1545839772011', '"Professional Life"'
 '1545839917322', '"Personal Life"'
 '1545842736283', '"No category"'
 '1545842838931', '"Art & Entertainment"'
 '1545843232067', '"Social"'
 '1545843330525', '"Professional Life"'
 '1545844039797', '"Art & Entertainment"'
 '1545845225332', '"Resting"'
 '1545846607051', '"Resting"'
 '1545849000000', '"Resting"'
 '1545868386114', '"Personal Life"'
 '1545868600317', '"Resting"'
 '1545869229029', '"No category"'
 '1545869862868', '"Resting"'
 '1545870487470', '"Transport"'
 '1545871099826', '"Sport & Fitness"'
 '1545872007024', '"Social"'
 '1545872108774', '"Personal Life"'
 '1545884618464', '"Social"'
 '1545885852078', '"No category"'
 '1545889173844', '"No category"'
 '1545889866098', '"Social"'
 '1545890065224', '"No category"'
 '1545890706488', '"Transport"'
 '1545890967700', '"Social"'
 '1545891104932', '"Social"'
 '1545891240328', '"Transport"'
 '1545891897062', '"Social"'
 '1545892062946', '"Personal Life"'
 '1545892207038', '"Transport"'
 '1545892720223', '"Personal Life"'
 '1545894374716', '"No category"'
 '1545894618896', '"Personal Life"'
 '1545894811158', '"No category"'
 '1545895502525', '"Personal Life"'
 '1545902734927', '"No category"'
 '1545902843450', '"Personal Life"'
 '1545903068977', '"Social"'
 '1545903463317', '"No category"'
 '1545903614420', '"Personal Life"'
 '1545903941431', '"Art & Entertainment"'
 '1545904066633', '"Personal Life"'
 '1545904380569', '"Art & Entertainment"'
 '1545904524862', '"Personal Life"'
 '1545904886936', '"Art & Entertainment"'
 '1545905117245', '"No category"'
 '1545905313606', '"No category"'
 '1545910896927', '"No category"'
 '1545911761157', '"Social"'
 '1545912269163', '"No category"'
 '1545912673096', '"No category"'
 '1545913413075', '"Art & Entertainment"'
 '1545913554579', '"Social"'
 '1545913816392', '"Personal Life"'
 '1545913939595', '"No category"'
 '1545916007265', '"No category"'
 '1545916318276', '"Transport"'
 '1545916859297', '"Personal Life"'
 '1545917119977', '"No category"'
 '1545917486903', '"Transport"'
 '1545918126399', '"No category"'
 '1545918296520', '"Personal Life"'
 '1545918753131', '"Social"'
 '1545919021774', '"Personal Life"'
 '1545919308415', '"No category"'
 '1545919730355', '"Personal Life"'
 '1545920076027', '"Chores"'
 '1545920578597', '"Personal Life"'
 '1545921514537', '"Social"'
 '1545921619460', '"Art & Entertainment"'
 '1545921857984', '"Personal Life"'
 '1545922118376', '"Social"'
 '1545922529579', '"Transport"'
 '1545922995311', '"Personal Life"'
 '1545923125224', '"Social"'
 '1545923265576', '"Personal Life"'
 '1545923801643', '"Art & Entertainment"'
 '1545923999556', '"No category"'
 '1545924199236', '"Personal Life"'
 '1545925095803', '"No category"'
 '1545925345918', '"Transport"'
 '1545925609137', '"Transport"'
 '1545926197814', '"Personal Life"'
 '1545926368579', '"Personal Life"'
 '1545926520189', '"Personal Life"'
 '1545927379094', '"No category"'
 '1545927760720', '"Personal Life"'
 '1545928576566', '"Social"'
 '1545928728122', '"Social"'
 '1545928866582', '"Personal Life"'
 '1545930693573', '"Social"'
 '1545931118395', '"Personal Life"'
 '1545932188379', '"No category"'
 '1545934045548', '"Resting"'
 '1545935400000', '"Resting"'
 '1545955321140', '"Personal Life"'
 '1545955663840', '"Resting"'
 '1545958270969', '"Social"'
 '1545958712099', '"Resting"'
 '1545962278677', '"Transport"'
 '1545962579626', '"Transport"'
 '1545963359618', '"Social"'
 '1545967713508', '"No category"'
 '1545967925453', '"Social"'
 '1545977251417', '"Transport"'
 '1545977786960', '"Social"'
 '1545977906976', '"Transport"'
 '1545978059816', '"No category"'
 '1545981453413', '"Transport"'
 '1545982088009', '"No category"'
 '1545982232670', '"Social"'
 '1545982390744', Choodasandra
 '1545986222923', Choodasandra
 '1545986398418', Choodasandra
 '1545991479023', '"Transport"'
 '1545992606136', '"Social"'
 '1545992778251', '"Social"'
 '1545993179734', '"Social"'
 '1545993696370', '"Personal Life"'
 '1545993862407', '"Art & Entertainment"'
 '1545994215629', '"Personal Life"'
 '1545994356184', '"Transport"'
 '1545994828761', '"Social"'
 '1545994931736', '"Personal Life"'
 '1545995397385', '"Transport"'
 '1545995561624', '"Art & Entertainment"'
 '1545995673088', '"Personal Life"'
 '1545995885814', '"No category"'
 '1545996286189', '"Personal Life"'
 '1545996495460', '"Personal Life"'
 '1545996896418', '"Transport"'
 '1545997360148', '"Personal Life"'
 '1546005720179', '"Social"'
 '1546005833898', '"Personal Life"'
 '1546006966719', '"Social"'
 '1546007068336', '"No category"'
 '1546007290274', '"Social"'
 '1546008146292', '"No category"'
 '1546008651157', '"Social"'
 '1546008882834', '"Personal Life"'
 '1546009190092', '"No category"'
 '1546009385297', '"Social"'
 '1546009600730', '"Social"'
 '1546009985500', '"Personal Life"'
 '1546010865425', '"Social"'
 '1546011139531', '"Personal Life"'
 '1546011889826', '"No category"'
 '1546012045893', '"Personal Life"'
 '1546012473790', '"No category"'
 '1546012908583', '"Art & Entertainment"'
 '1546013127778', '"Art & Entertainment"'
 '1546013735746', '"Personal Life"'
 '1546014080117', '"No category"'
 '1546014233856', '"Personal Life"'
 '1546016520282', '"No category"'
 '1546016638292', '"Personal Life"'
 '1546020917653', '"Social"'
 '1546021148653', '"Personal Life"'
 '1546021517424', '"Personal Life"'
 '1546021639165', '"Personal Life"'
 '1546021800000', '"Personal Life"'
 '1546022124976', '"Personal Life"'
 '1546022434705', '"Resting"'
 '1546023976852', '"Resting"'
 '1546041080202', '"No category"'
 '1546042063801', '"Resting"'
 '1546042943492', '"No category"'
 '1546043422290', '"Resting"'
 '1546043627001', '"No category"'
 '1546044580529', '"Resting"'
 '1546044964523', '"Social"'
 '1546045223246', '"Art & Entertainment"'
 '1546045613856', '"Resting"'
 '1546046922736', '"No category"'
 '1546047057638', '"No category"'
 '1546047573970', '"Art & Entertainment"'
 '1546047847193', '"Resting"'
 '1546048429626', '"No category"'
 '1546048644261', '"Resting"'
 '1546049701004', '"Art & Entertainment"'
 '1546049846515', '"Resting"'
 '1546051085637', '"Transport"'
 '1546051426383', '"Transport"'
 '1546052413719', '"No category"'
 '1546053583717', '"Personal Life"'
 '1546053749093', '"Transport"'
 '1546054003896', '"Social"'
 '1546054578962', '"Personal Life"'
 '1546055963309', '"Art & Entertainment"'
 '1546056184587', '"Personal Life"'
 '1546057560097', '"No category"'
 '1546057911161', '"Personal Life"'
 '1546059405540', '"No category"'
 '1546059642891', '"Personal Life"'
 '1546060897896', '"No category"'
 '1546061014761', '"No category"'
 '1546062206386', '"Personal Life"'
 '1546063448683', '"No category"'
 '1546063788560', '"Personal Life"'
 '1546063916002', '"Art & Entertainment"'
 '1546064198176', '"Personal Life"'
 '1546064640446', '"Transport"'
 '1546064877266', '"Personal Life"'
 '1546065390985', '"Art & Entertainment"'
 '1546065699694', '"Personal Life"'
 '1546066254565', '"No category"'
 '1546066390301', '"Art & Entertainment"'
 '1546068060046', '"Resting"'
 '1546085527709', '"Social"'
 '1546085913998', '"Resting"'
 '1546094051081', '"Social"'
 '1546094167099', '"No category"'
 '1546094354866', '"Resting"'
 '1546095615051', '"Transport"'
 '1546095915131', '"Art & Entertainment"'
 '1546096245841', '"Social"'
 '1546096519436', '"Personal Life"'
 '1546098340640', '"Art & Entertainment"'
 '1546099295812', '"Personal Life"'
 '1546101425225', '"Art & Entertainment"'
 '1546101578912', '"Personal Life"'
 '1546106118784', '"Social"'
 '1546106216196', '"Personal Life"'
 '1546106739305', '"Social"'
 '1546107130354', '"No category"'
 '1546107854411', '"Personal Life"'
 '1546108200000', '"Personal Life"'
 '1546110538764', '"No category"'
 '1546115739447', '"Resting"'
 '1546130254855', '"Art & Entertainment"'
 '1546130563934', '"No category"'
 '1546130770011', '"Resting"'
 '1546131371863', '"Social"'
 '1546131492717', '"No category"'
 '1546131709687', '"No category"'
 '1546132035158', '"No category"'
 '1546133962061', '"Resting"'
 '1546134106589', '"Art & Entertainment"'
 '1546134331284', '"Resting"'
 '1546140461315', '"No category"'
 '1546141826327', '"Art & Entertainment"'
 '1546142154478', '"Resting"'
 '1546142811176', '"Social"'
 '1546142996199', '"Resting"'
 '1546145994880', '"No category"'
 '1546147581936', '"Art & Entertainment"'
 '1546148280204', '"Transport"'
 '1546148592966', '"Resting"'
 '1546149777550', '"No category"'
 '1546149910582', '"Transport"'
 '1546150248344', '"Social"'
 '1546150389398', '"Transport"'
 '1546150648109', '"Resting"'
 '1546152803854', '"Social"'
 '1546153037646', '"Resting"'
 '1546157515689', '"No category"'
 '1546157628910', '"Resting"'
 '1546157857298', '"No category"'
 '1546157957205', '"Resting"'
 '1546158141745', '"Social"'
 '1546158250402', '"Resting"'
 '1546158937738', '"Transport"'
 '1546159380886', '"Personal Life"'
 '1546159639660', '"No category"'
 '1546160191523', '"Transport"'
 '1546160566789', '"Personal Life"'
 '1546164495356', '"Social"'
 '1546164651775', '"Social"'
 '1546165092771', '"No category"'
 '1546165384032', '"Personal Life"'
 '1546165932009', '"Art & Entertainment"'
 '1546166111095', '"Personal Life"'
 '1546166756778', '"Transport"'
 '1546167061719', '"No category"'
 '1546167442284', '"Chores"'
 '1546167553472', '"Transport"'
 '1546167997573', '"Personal Life"'
 '1546172890844', '"Art & Entertainment"'
 '1546173028482', '"Personal Life"'
 '1546175716189', '"Social"'
 '1546177704265', '"Personal Life"'
 '1546178169769', '"No category"'
 '1546179112262', '"Art & Entertainment"'
 '1546179211609', '"No category"'
 '1546179513387', '"No category"'
 '1546179611095', '"No category"'
 '1546180162957', '"Social"'
 '1546180330607', '"No category"'
 '1546180599228', '"Resting"'
 '1546181027495', '"Resting"'
 '1546182035036', '"Resting"'
 '1546183003050', '"Professional Life"'
 '1546183269175', '"Personal Life"'
 '1546183817002', '"Chores"'
 '1546184046137', '"Personal Life"'
 '1546184184989', '"Resting"'
 '1546184502272', '"No category"'
 '1546184609004', '"Resting"'
 '1546185148888', '"Personal Life"'
 '1546185338104', '"Resting"'
 '1546194600000', '"Resting"'
 '1546220075616', '"Social"'
 '1546220209126', '"Social"'
 '1546220352542', '"Resting"'
 '1546223853558', '"Transport"'
 '1546224751324', '"Social"'
 '1546236313588', '"Transport"'
 '1546236758089', '"Transport"'
 '1546238184137', '"Personal Life"'
 '1546238817715', '"Transport"'
 '1546239277492', '"Personal Life"'
 '1546239458675', '"No category"'
 '1546239978213', '"Transport"'
 '1546240486580', '"Personal Life"'
 '1546240993876', '"Social"'
 '1546241147945', '"Social"'
 '1546241350409', '"Personal Life"'
 '1546241969024', '"Social"'
 '1546242132667', '"No category"'
 '1546242456693', '"Personal Life"'
 '1546242637530', '"No category"'
 '1546243313105', '"Social"'
 '1546243496946', '"Personal Life"'
 '1546243782610', '"Social"'
 '1546244051972', '"Personal Life"'
 '1546251101427', '"Social"'
 '1546251328034', '"No category"'
 '1546251425436', '"Personal Life"'
 '1546252562096', '"No category"'
 '1546252658313', '"Personal Life"'
 '1546252969739', '"Personal Life"'
 '1546253687429', '"Transport"'
 '1546254033718', '"Personal Life"'
 '1546254436409', '"Transport"'
 '1546254775833', '"Social"'
 '1546254896430', '"Transport"'
 '1546255582547', '"Personal Life"'
 '1546255797679', '"Social"'
 '1546255995260', '"Personal Life"'
 '1546257347141', '"No category"'
 '1546258585616', '"Personal Life"'
 '1546259027115', '"No category"'
 '1546259137309', '"No category"'
 '1546259370976', '"Personal Life"'
 '1546262381993', '"Social"'
 '1546263583221', '"Personal Life"'
 '1546264459270', '"Social"'
 '1546265205491', '"Personal Life"'
 '1546267389794', '"No category"'
 '1546267558782', '"No category"'
 '1546267691832', '"Personal Life"'
 '1546269051110', '"No category"'
 '1546269187975', '"Personal Life"'
 '1546275172510', '"Social"'
 '1546275286635', '"Personal Life"'
 '1546275600224', '"No category"'
 '1546275756820', '"Personal Life"'
 '1546276026532', '"Art & Entertainment"'
 '1546276397058', '"Personal Life"'
 '1546276639547', '"No category"'
 '1546276826831', '"Personal Life"'
 '1546277715604', '"No category"'
 '1546277970923', '"Social"'
 '1546278160699', '"Personal Life"'
 '1546281000000', '"Art & Entertainment"'
 '1546281829986', '"Personal Life"'
 '1546282460249', '"Resting"'
 '1546283863644', '"Resting"'
 '1546300768439', '"No category"'
 '1546301182109', '"Resting"'
 '1546301702734', '"Art & Entertainment"'
 '1546302049463', '"Social"'
 '1546302290771', '"Resting"'
 '1546303647543', '"Social"'
 '1546304023668', '"Personal Life"'
 '1546306528064', '"Social"'
 '1546307099454', '"Personal Life"'
 '1546307481229', '"No category"'
 '1546307642749', '"Social"'
 '1546307857092', '"Personal Life"'
 '1546308712720', '"Transport"'
 '1546310055160', '"Social"'
 '1546310483412', '"Social"'
 '1546313422887', '"Social"'
 '1546313521758', '"Social"'
 '1546313940144', '"Social"'
 '1546314113430', '"Social"'
 '1546314239874', '"Transport"'
 '1546314543829', '"No category"'
 '1546318142785', '"Transport"'
 '1546318521524', Choodasandra
 '1546318779515', Choodasandra
 '1546318998407', Choodasandra
 '1546327680105', '"No category"'
 '1546327935807', '"Social"'
 '1546328217758', '"No category"'
 '1546328903708', '"Transport"'
 '1546329135799', '"Social"'
 '1546336173227', '"Transport"'
 '1546337494306', '"Personal Life"'
 '1546338202978', '"Transport"'
 '1546339539030', '"Personal Life"'
 '1546339901747', '"No category"'
 '1546340286375', '"Social"'
 '1546340516025', '"Personal Life"'
 '1546341180010', '"No category"'
 '1546343621433', '"No category"'
 '1546343759006', '"No category"'
 '1546344494931', '"Social"'
 '1546345042496', '"No category"'
 '1546347117204', '"Social"'
 '1546347356607', '"No category"'
 '1546350342341', '"No category"'
 '1546350569098', '"No category"'
 '1546351005480', '"Social"'
 '1546351129330', '"No category"'
 '1546351849905', '"Social"'
 '1546351957899', '"No category"'
 '1546352552685', '"Social"'
 '1546352664236', '"No category"'
 '1546352830882', '"No category"'
 '1546353343770', '"No category"'
 '1546353461806', '"No category"'
 '1546358532206', '"No category"'
 '1546358668205', '"No category"'
 '1546360928113', '"No category"'
 '1546361063373', '"Transport"'
 '1546361785355', '"No category"'
 '1546362426840', '"Transport"'
 '1546362579973', '"No category"'
 '1546367400000', '"Resting"'
 '1546389937435', '"Social"'
 '1546390089171', '"Resting"'
 '1546391392810', '"Social"'
 '1546391572862', '"Resting"'
 '1546392589034', '"Personal Life"'
 '1546392802908', '"Resting"'
 '1546394842210', '"No category"'
 '1546394956712', '"Transport"'
 '1546395218335', '"Transport"'
 '1546395356736', '"Transport"'
 '1546395454999', '"Resting"'
 '1546410729705', '"Social"'
 '1546410875221', '"Resting"'
 '1546411338630', '"Social"'
 '1546411486289', '"Social"'
 '1546411765789', '"Resting"'
 '1546412033568', '"No category"'
 '1546412144228', '"Resting"'
 '1546412951835', '"Transport"'
 '1546413168827', '"Transport"'
 '1546413667255', '"Professional Life"'
 '1546413975238', '"Transport"'
 '1546414167515', '"No category"'
 '1546414399390', '"Transport"'
 '1546414757635', '"Transport"'
 '1546414970862', '"Social"'
 '1546415135493', '"Transport"'
 '1546415347079', '"No category"'
 '1546416560233', '"Transport"'
 '1546417316166', '"Professional Life"'
 '1546419366532', '"No category"'
 '1546420061943', Choodasandra
 '1546423126127', Choodasandra
 '1546424200574', '"Transport"'
 '1546424461997', '"Personal Life"'
 '1546426530524', '"Social"'
 '1546426674979', '"Personal Life"'
 '1546427086650', '"Transport"'
 '1546427918618', '"Social"'
 '1546428041795', '"Transport"'
 '1546429182948', '"Social"'
 '1546429304628', '"Transport"'
 '1546431595002', '"Transport"'
 '1546431837804', '"Transport"'
 '1546432365776', '"No category"'
 '1546432669237', '"Transport"'
 '1546432843919', '"Personal Life"'
 '1546432999335', '"Social"'
 '1546433584333', '"Personal Life"'
 '1546435891519', '"Social"'
 '1546436472371', '"Personal Life"'
 '1546437082200', '"Social"'
 '1546438053896', '"Personal Life"'
 '1546441413719', '"Social"'
 '1546441528812', '"Personal Life"'
 '1546453800000', '"Resting"'
 '1546481041909', '"Social"'
 '1546481188060', '"Resting"'
 '1546481572796', '"Transport"'
 '1546481845406', '"Resting"'
 '1546483195513', '"No category"'
 '1546483314692', '"Resting"'
 '1546484034902', '"No category"'
 '1546484704720', '"No category"'
 '1546484834591', '"No category"'
 '1546485610920', '"Resting"'
 '1546485864077', '"Social"'
 '1546486422710', '"Resting"'
 '1546491317128', '"Transport"'
 '1546491721862', Choodasandra
 '1546491878561', '"Transport"'
 '1546492170702', '"No category"'
 '1546492714130', '"Social"'
 '1546492820546', '"Professional Life"'
 '1546495807103', '"Transport"'
 '1546496042749', '"Social"'
 '1546496746868', '"Social"'
 '1546496976249', '"Art & Entertainment"'
 '1546497539834', '"Art & Entertainment"'
 '1546498080061', '"No category"'
 '1546498395140', '"Social"'
 '1546499558111', '"Transport"'
 '1546499852321', '"Social"'
 '1546501319940', '"Transport"'
 '1546501725418', Choodasandra
 '1546502031066', Choodasandra
 '1546504372793', Choodasandra
 '1546504516157', Choodasandra
 '1546505097025', Choodasandra
 '1546505391759', Choodasandra
 '1546507216073', Choodasandra
 '1546507764774', Choodasandra
 '1546507910042', Choodasandra
 '1546508772924', Choodasandra
 '1546508879325', Choodasandra
 '1546509488043', '"Transport"'
 '1546510502519', '"Personal Life"'
 '1546511092695', '"Transport"'
 '1546511981952', '"Social"'
 '1546512229161', '"No category"'
 '1546512773417', '"Personal Life"'
 '1546512881583', '"Art & Entertainment"'
 '1546513422232', '"Social"'
 '1546513616698', '"No category"'
 '1546513882312', '"Art & Entertainment"'
 '1546514047143', '"No category"'
 '1546514814406', '"Personal Life"'
 '1546515217214', '"No category"'
 '1546516432799', '"Personal Life"'
 '1546519356239', '"Social"'
 '1546519571416', '"Personal Life"'
 '1546521742774', '"Social"'
 '1546523899514', '"Personal Life"'
 '1546525554990', '"Chores"'
 '1546525890204', '"Social"'
 '1546526986199', '"Personal Life"'
 '1546527621554', '"Art & Entertainment"'
 '1546527798560', '"Art & Entertainment"'
 '1546528890470', '"Social"'
 '1546529105384', '"Chores"'
 '1546529445661', '"Personal Life"'
 '1546529593471', '"Social"'
 '1546529710156', '"Personal Life"'
 '1546530030605', '"Social"'
 '1546531181839', '"Chores"'
 '1546532488532', '"Social"'
 '1546532677014', '"Personal Life"'
 '1546532870467', '"Social"'
 '1546533232363', '"Personal Life"'
 '1546533366418', '"No category"'
 '1546533514050', '"Personal Life"'
 '1546533634846', '"No category"'
 '1546534065567', '"Personal Life"'
 '1546534917970', '"No category"'
 '1546535272796', '"No category"'
 '1546535440604', '"Personal Life"'
 '1546535979383', '"No category"'
 '1546536244696', '"Social"'
 '1546536374481', '"Personal Life"'
 '1546537006036', '"No category"'
 '1546537113472', '"Personal Life"'
 '1546537401351', '"No category"'
 '1546538129486', '"No category"'
 '1546538236956', '"Personal Life"'
 '1546539008636', '"No category"'
 '1546539231124', '"Personal Life"'
 '1546540200000', '"Personal Life"'
 '1546541188930', '"No category"'
 '1546541425879', '"No category"'
 '1546542435242', '"Art & Entertainment"'
 '1546542840307', '"Personal Life"'
 '1546543307014', '"Resting"'
 '1546544799432', '"Resting"'
 '1546560232946', '"No category"'
 '1546562756723', '"Resting"'
 '1546562918015', '"Art & Entertainment"'
 '1546563108908', '"No category"'
 '1546563317329', '"No category"'
 '1546563465288', '"Resting"'
 '1546567554650', '"Art & Entertainment"'
 '1546567675569', '"Resting"'
 '1546568543236', '"Social"'
 '1546568675390', '"Social"'
 '1546568824942', '"No category"'
 '1546570011948', '"Social"'
 '1546570998178', '"No category"'
 '1546571300680', '"Social"'
 '1546575344796', '"Professional Life"'
 '1546575588009', '"Social"'
 '1546579289086', '"Social"'
 '1546579421932', '"Art & Entertainment"'
 '1546579612178', '"Social"'
 '1546579853110', '"Art & Entertainment"'
 '1546580806958', '"Social"'
 '1546581443737', '"Social"'
 '1546582036251', '"No category"'
 '1546582378934', '"Social"'
 '1546582681171', '"Art & Entertainment"'
 '1546582787258', '"No category"'
 '1546583040830', '"Art & Entertainment"'
 '1546583515073', '"No category"'
 '1546584102747', '"Social"'
 '1546584266873', '"No category"'
 '1546584827429', '"Social"'
 '1546585061309', '"Social"'
 '1546585326670', '"No category"'
 '1546585440788', '"Social"'
 '1546587340800', '"Transport"'
 '1546587627702', Choodasandra
 '1546588055586', Choodasandra
 '1546594251311', Choodasandra
 '1546594890205', Choodasandra
 '1546594990663', Choodasandra
 '1546595378544', Choodasandra
 '1546595706526', Choodasandra
 '1546596390525', '"Transport"'
 '1546596614302', Choodasandra
 '1546597122489', '"Transport"'
 '1546597430916', '"Personal Life"'
 '1546597711528', '"Social"'
 '1546597868825', '"No category"'
 '1546598416212', '"Social"'
 '1546598512255', '"Personal Life"'
 '1546598843656', '"Personal Life"'
 '1546598967650', '"Personal Life"'
 '1546599156409', '"Transport"'
 '1546599479134', '"No category"'
 '1546599731770', '"Social"'
 '1546599914008', '"No category"'
 '1546600407120', '"Art & Entertainment"'
 '1546600913691', '"Art & Entertainment"'
 '1546601116405', '"Social"'
 '1546601574123', '"No category"'
 '1546602016157', '"Art & Entertainment"'
 '1546602188983', '"No category"'
 '1546602426432', '"No category"'
 '1546603294316', '"Social"'
 '1546603515614', '"No category"'
 '1546604035043', '"Social"'
 '1546604147373', '"No category"'
 '1546604788858', '"Art & Entertainment"'
 '1546604918013', '"No category"'
 '1546605079648', '"Social"'
 '1546605193077', '"Art & Entertainment"'
 '1546605439042', '"Social"'
 '1546605739886', '"No category"'
 '1546606371960', '"Social"'
 '1546606476576', '"Chores"'
 '1546606677245', '"No category"'
 '1546611548319', '"Social"'
 '1546611945252', '"No category"'
 '1546614195098', '"No category"'
 '1546626600000', '"Resting"'
 '1546637721984', '"Social"'
 '1546638397680', '"Resting"'
 '1546638771289', '"Social"'
 '1546639130452', '"No category"'
 '1546639332141', '"No category"'
 '1546639581351', '"Resting"'
 '1546646508228', '"No category"'
 '1546646699388', '"Resting"'
 '1546647145739', '"No category"'
 '1546648481613', '"Resting"'
 '1546649650404', '"Art & Entertainment"'
 '1546649754502', '"Resting"'
 '1546652243639', '"Personal Life"'
 '1546652464578', '"Resting"'
 '1546653586133', '"Personal Life"'
 '1546654064752', '"Personal Life"'
 '1546654469190', '"Resting"'
 '1546655830067', '"Social"'
 '1546655948685', '"Resting"'
 '1546656844556', '"No category"'
 '1546656970452', '"Resting"'
 '1546657573892', '"Transport"'
 '1546657818435', '"Transport"'
 '1546658136419', '"Transport"'
 '1546658294324', '"Social"'
 '1546658434413', '"Transport"'
 '1546658662134', '"Professional Life"'
 '1546658916328', Choodasandra
 '1546659189006', Choodasandra
 '1546667211278', Choodasandra
 '1546667327712', Choodasandra
 '1546668600924', '"Transport"'
 '1546668979366', '"Transport"'
 '1546669129188', '"Professional Life"'
 '1546669564187', '"Transport"'
 '1546669708653', '"Social"'
 '1546670251605', '"Transport"'
 '1546670438015', '"Transport"'
 '1546670956515', '"No category"'
 '1546671614523', '"Transport"'
 '1546672272930', '"Social"'
 '1546672416965', '"Transport"'
 '1546672574696', '"Social"'
 '1546672866852', '"Transport"'
 '1546674611040', '"Transport"'
 '1546674914903', '"Social"'
 '1546675013733', '"Social"'
 '1546675122190', '"Transport"'
 '1546675746786', '"Social"'
 '1546675881194', '"No category"'
 '1546676579432', '"Social"'
 '1546676822393', '"No category"'
 '1546683121867', '"Social"'
 '1546683638709', '"No category"'
 '1546685063694', '"Professional Life"'
 '1546688526260', '"Transport"'
 '1546688737089', '"Social"'
 '1546688856482', '"Transport"'
 '1546689042708', '"Transport"'
 '1546689313432', '"Social"'
 '1546689430071', '"Transport"'
 '1546690775624', '"No category"'
 '1546690887577', '"Transport"'
 '1546691350741', '"Art & Entertainment"'
 '1546691731852', '"Transport"'
 '1546692254635', '"Transport"'
 '1546692410447', '"Personal Life"'
 '1546692819066', '"Art & Entertainment"'
 '1546693296392', '"Personal Life"'
 '1546693594177', '"Social"'
 '1546693703422', '"Art & Entertainment"'
 '1546694020483', '"Personal Life"'
 '1546695724240', '"Social"'
 '1546696475729', '"Social"'
 '1546696646198', '"Personal Life"'
 '1546697084370', '"Art & Entertainment"'
 '1546697812491', '"No category"'
 '1546698021536', '"No category"'
 '1546698471735', '"Personal Life"'
 '1546700370555', '"Social"'
 '1546700476273', '"Resting"'
 '1546713000000', '"Resting"'
 '1546717889781', '"Social"'
 '1546718049519', '"Resting"'
 '1546720399202', '"Resting"'
 '1546732835555', '"Social"'
 '1546733009461', '"Resting"'
 '1546739132464', '"No category"'
 '1546741313728', '"Resting"'
 '1546745952099', '"Social"'
 '1546746445034', '"Resting"'
 '1546746590312', '"Social"'
 '1546746989885', '"Social"'
 '1546747127972', '"Resting"'
 '1546748375678', '"Social"'
 '1546748698036', '"Resting"'
 '1546751590569', '"Personal Life"'
 '1546751864143', '"Resting"'
 '1546752436078', '"Personal Life"'
 '1546752631118', '"Resting"'
 '1546755002904', '"Transport"'
 '1546755302866', '"Resting"'
 '1546755935677', '"Transport"'
 '1546756032649', '"Professional Life"'
 '1546756362143', '"Transport"'
 '1546756471947', '"Resting"'
 '1546756685399', '"Transport"'
 '1546756799727', '"No category"'
 '1546757160557', '"Social"'
 '1546757265181', '"Transport"'
 '1546757510127', '"Personal Life"'
 '1546757752670', '"No category"'
 '1546758364803', '"Personal Life"'
 '1546758501728', '"Transport"'
 '1546758948339', '"Professional Life"'
 '1546759848194', '"Transport"'
 '1546759994899', '"Art & Entertainment"'
 '1546760216289', '"Personal Life"'
 '1546760360285', '"Transport"'
 '1546760530580', '"Transport"'
 '1546760883842', '"Transport"'
 '1546761038984', '"Transport"'
 '1546762766864', '"Personal Life"'
 '1546762885997', '"Transport"'
 '1546763061596', '"Social"'
 '1546763160041', '"Professional Life"'
 '1546763275324', '"Social"'
 '1546763398051', '"Professional Life"'
 '1546773961929', '"Personal Life"'
 '1546774125562', '"Transport"'
 '1546774371301', '"Social"'
 '1546774651767', '"Transport"'
 '1546775344589', '"Professional Life"'
 '1546775548240', '"Transport"'
 '1546776965511', '"Transport"'
 '1546777331506', '"Personal Life"'
 '1546777460047', '"Personal Life"'
 '1546777845768', '"Personal Life"'
 '1546778055941', '"Personal Life"'
 '1546778360307', '"Personal Life"'
 '1546778939643', '"Personal Life"'
 '1546779037769', '"Personal Life"'
 '1546779414005', '"Personal Life"'
 '1546779657399', '"Personal Life"'
 '1546780112321', '"Personal Life"'
 '1546780617794', '"Personal Life"'
 '1546781214625', '"Social"'
 '1546781400762', '"Personal Life"'
 '1546782218227', '"Social"'
 '1546782413783', '"Personal Life"'
 '1546786492154', '"Social"'
 '1546786701304', '"Personal Life"'
 '1546787382510', '"Personal Life"'
 '1546787520015', '"Resting"'
 '1546787693975', '"No category"'
 '1546787905005', '"Art & Entertainment"'
 '1546788489323', '"Resting"'
 '1546799400000', '"Resting"'
 '1546803475784', '"Social"'
 '1546803601086', '"Resting"'
 '1546815725052', '"Personal Life"'
 '1546815899676', '"Social"'
 '1546816199653', '"Personal Life"'
 '1546816310626', '"Social"'
 '1546816543114', '"Social"'
 '1546817036866', '"Social"'
 '1546817247362', '"Social"'
 '1546817777209', '"Art & Entertainment"'
 '1546818805230', '"Art & Entertainment"'
 '1546819153729', '"Resting"'
 '1546819854938', '"Social"'
 '1546820109113', '"Social"'
 '1546820256095', '"Resting"'
 '1546820754760', '"Social"'
 '1546821172985', '"Resting"'
 '1546821596308', '"No category"'
 '1546822700681', '"Social"'
 '1546822870166', '"Resting"'
 '1546826886939', '"Social"'
 '1546827031481', '"Resting"'
 '1546827605433', '"Professional Life"'
 '1546827707545', '"Resting"'
 '1546827936868', '"Transport"'
 '1546829539104', '"Social"'
 '1546830075716', '"Social"'
 '1546830185565', '"Social"'
 '1546831715891', '"Art & Entertainment"'
 '1546831966904', '"Social"'
 '1546833974108', '"Social"'
 '1546834099045', '"Social"'
 '1546841791003', '"Transport"'
 '1546841952411', Choodasandra
 '1546842971544', '"Transport"'
 '1546843897242', '"Personal Life"'
 '1546844005467', '"Transport"'
 '1546844630231', '"Personal Life"'
 '1546847091654', '"Transport"'
 '1546847468707', '"Transport"'
 '1546848099790', '"Social"'
 '1546848275736', '"Transport"'
 '1546848488868', Choodasandra
 '1546848671174', Choodasandra
 '1546854920515', '"Transport"'
 '1546856597084', '"No category"'
 '1546856924516', '"Social"'
 '1546857127627', '"Transport"'
 '1546857420029', '"No category"'
 '1546859249153', '"Social"'
 '1546860764954', '"Social"'
 '1546861109128', '"Social"'
 '1546861415215', '"Social"'
 '1546861595016', '"No category"'
 '1546862847719', '"No category"'
 '1546863270209', '"No category"'
 '1546864887250', '"Social"'
 '1546865265147', '"Social"'
 '1546865434715', '"Social"'
 '1546865814109', '"No category"'
 '1546867069987', '"Social"'
 '1546867224756', '"No category"'
 '1546868061441', '"Social"'
 '1546868194217', '"Personal Life"'
 '1546870125493', '"Social"'
 '1546870378387', '"No category"'
 '1546873281211', '"Personal Life"'
 '1546873516432', '"Art & Entertainment"'
 '1546873831009', '"No category"'
 '1546873988084', '"Personal Life"'
 '1546874805769', '"Social"'
 '1546875011830', '"Personal Life"'
 '1546875716067', '"No category"'
 '1546875942696', '"Personal Life"'
 '1546876965891', '"Social"'
 '1546877121396', '"No category"'
 '1546878240725', '"Social"'
 '1546878604204', '"No category"'
 '1546885800000', '"No category"'
 '1546906068700', '"Social"'
 '1546906235140', '"Social"'
 '1546906342620', '"No category"'
 '1546907981975', '"No category"'
 '1546930428556', '"Social"'
 '1546930552721', '"No category"'
 '1546935380329', '"Professional Life"'
 '1546935515115', '"No category"'
 '1546935862635', '"Professional Life"'
 '1546936011241', '"No category"'
 '1546937559220', '"No category"'
 '1546937784946', '"No category"'
 '1546939697330', '"No category"'
 '1546940404547', '"No category"'
 '1546940848039', '"No category"'
 '1546940949855', '"No category"'
 '1546942605323', '"Social"'
 '1546942707569', '"No category"'
 '1546944661286', '"Art & Entertainment"'
 '1546944791497', '"No category"'
 '1546944917690', '"Personal Life"'
 '1546951402814', '"No category"'
 '1546954748826', '"Social"'
 '1546955353431', '"No category"'
 '1546956113299', '"Social"'
 '1546956282790', '"No category"'
 '1546956970251', '"Resting"'
 '1546959222699', '"No category"'
 '1546959625963', '"Resting"'
 '1546959851520', '"No category"'
 '1546961858088', '"Resting"'
 '1546963306813', '"Resting"'
 '1546963849200', '"Resting"'
 '1546964318148', '"Transport"'
 '1546964728422', '"Resting"'
 '1546964991545', '"Transport"'
 '1546965428619', '"Resting"'
 '1546969137502', '"Social"'
 '1546969536134', '"Resting"'
 '1546972200000', '"Resting"'
 '1546997799398', '"Professional Life"'
 '1546999481075', '"Resting"'
 '1547000128413', '"Transport"'
 '1547001626446', '"Social"'
 '1547004730527', '"No category"'
 '1547005000769', '"Social"'
 '1547005194392', '"No category"'
 '1547005412533', '"Social"'
 '1547006319208', '"No category"'
 '1547006715770', '"No category"'
 '1547007248569', '"Social"'
 '1547007950231', '"No category"'
 '1547008106650', '"Social"'
 '1547009304869', '"Professional Life"'
 '1547009456950', '"Social"'
 '1547015457100', '"Transport"'
 '1547015913301', Choodasandra
 '1547018815758', '"Transport"'
 '1547019736465', '"No category"'
 '1547020890485', '"Professional Life"'
 '1547022070292', '"Transport"'
 '1547022465638', '"Transport"'
 '1547022758569', '"Professional Life"'
 '1547023185663', '"Professional Life"'
 '1547023312259', '"Professional Life"'
 '1547023521633', '"Transport"'
 '1547023845045', '"Social"'
 '1547024438121', '"Professional Life"'
 '1547024770438', '"Social"'
 '1547025294977', '"Professional Life"'
 '1547025516917', '"Social"'
 '1547025659199', '"No category"'
 '1547025867663', '"Social"'
 '1547026080539', '"Sport & Fitness"'
 '1547026364158', '"Transport"'
 '1547028946335', '"No category"'
 '1547034223345', '"Personal Life"'
 '1547037711959', '"Social"'
 '1547038057545', '"Personal Life"'
 '1547040492756', '"Social"'
 '1547041270498', '"Personal Life"'
 '1547042294217', '"Social"'
 '1547042594654', '"Art & Entertainment"'
 '1547043276284', '"Social"'
 '1547043433851', '"Resting"'
 '1547045523887', '"Personal Life"'
 '1547045994750', '"Transport"'
 '1547046259399', '"Art & Entertainment"'
 '1547046571385', '"Transport"'
 '1547046753489', '"Personal Life"'
 '1547046922569', '"Resting"'
 '1547047347722', '"Resting"'
 '1547049265920', '"Resting"'
 '1547050009690', '"Transport"'
 '1547051447158', '"Resting"'
 '1547053802199', '"Social"'
 '1547054106627', '"No category"'
 '1547054237942', '"No category"'
 '1547054576253', '"No category"'
 '1547055310707', '"No category"'
 '1547055677657', '"No category"'
 '1547056625111', '"Resting"'
 '1547058600000', '"Resting"'
 '1547086655367', '"Social"'
 '1547086795565', '"Social"'
 '1547087011965', '"Transport"'
 '1547087887262', '"Social"'
 '1547090374670', '"Professional Life"'
 '1547090579378', '"Art & Entertainment"'
 '1547090696330', '"Social"'
 '1547091440948', '"Transport"'
 '1547091850878', Choodasandra
 '1547095922569', '"Transport"'
 '1547096107427', '"Professional Life"'
 '1547097405074', '"Professional Life"'
 '1547097721814', '"Professional Life"'
 '1547100701328', '"Transport"'
 '1547100883953', '"Social"'
 '1547103157357', '"Social"'
 '1547103295405', '"Social"'
 '1547106672333', '"Transport"'
 '1547106979216', Choodasandra
 '1547114715695', Choodasandra
 '1547116409490', '"Transport"'
 '1547117711063', '"Transport"'
 '1547118637383', '"Personal Life"'
 '1547119203508', '"No category"'
 '1547119821351', '"Personal Life"'
 '1547119965184', '"No category"'
 '1547127012021', '"Social"'
 '1547127185641', '"No category"'
 '1547127944483', '"Transport"'
 '1547128137623', '"No category"'
 '1547128268805', '"Social"'
 '1547128404232', '"No category"'
 '1547134333785', '"Art & Entertainment"'
 '1547134665394', '"Personal Life"'
 '1547134926611', '"Resting"'
 '1547145000000', '"Resting"'
 '1547146340106', '"Resting"'
 '1547167459162', '"Social"'
 '1547167752564', '"Personal Life"'
 '1547168444827', '"Social"'
 '1547168631474', '"Personal Life"'
 '1547172536052', '"Transport"'
 '1547172695411', '"Transport"'
 '1547173335690', '"Transport"'
 '1547173617404', '"Social"'
 '1547174231659', '"Social"'
 '1547174354716', '"Social"'
 '1547174859475', '"Art & Entertainment"'
 '1547174974379', '"Social"'
 '1547175350483', '"Art & Entertainment"'
 '1547175590767', '"Social"'
 '1547182726553', '"Transport"'
 '1547183442249', '"Social"'
 '1547185164698', '"No category"'
 '1547185499468', '"Social"'
 '1547186259962', '"Art & Entertainment"'
 '1547186390092', '"Art & Entertainment"'
 '1547186664247', '"Social"'
 '1547188006468', '"No category"'
 '1547188109245', '"Social"'
 '1547189481106', '"No category"'
 '1547189700847', '"Social"'
 '1547190650926', '"Transport"'
 '1547191291780', '"Professional Life"'
 '1547192154292', '"Transport"'
 '1547192872870', Choodasandra
 '1547201227654', '"Transport"'
 '1547203100792', '"Personal Life"'
 '1547206126452', '"No category"'
 '1547206225027', '"Personal Life"'
 '1547207185185', '"Social"'
 '1547207337021', '"Personal Life"'
 '1547208948526', '"Professional Life"'
 '1547209319280', '"Personal Life"'
 '1547211621924', '"Social"'
 '1547211785304', '"Personal Life"'
 '1547212229591', '"Social"'
 '1547212560012', '"No category"'
 '1547213029633', '"Social"'
 '1547213134492', '"Social"'
 '1547213878871', '"Social"'
 '1547214339118', '"No category"'
 '1547217286064', '"Personal Life"'
 '1547217676455', '"No category"'
 '1547218207521', '"Transport"'
 '1547219284018', '"Personal Life"'
 '1547220092826', '"Social"'
 '1547220322775', '"Personal Life"'
 '1547221765138', '"Professional Life"'
 '1547222376305', '"Personal Life"'
 '1547222811386', '"Social"'
 '1547223342269', '"Social"'
 '1547223612864', '"Social"'
 '1547223841646', '"Personal Life"'
 '1547224025128', '"Social"'
 '1547224483412', '"Social"'
 '1547224595928', '"Social"'
 '1547224907367', '"Social"'
 '1547225343026', '"Social"'
 '1547225458034', '"Personal Life"'
 '1547226225364', '"No category"'
 '1547226684650', '"Personal Life"'
 '1547227106345', '"Social"'
 '1547227430852', '"Personal Life"'
 '1547229977922', '"No category"'
 '1547231400000', '"Resting"'
 '1547251896017', '"Social"'
 '1547252136479', '"Social"'
 '1547252560285', '"Social"'
 '1547252803365', '"Resting"'
 '1547256136971', '"Transport"'
 '1547256331844', '"No category"'
 '1547256431473', '"Personal Life"'
 '1547257131907', '"No category"'
 '1547257261702', '"Personal Life"'
 '1547257594584', '"No category"'
 '1547257744529', '"Personal Life"'
 '1547258499737', '"Transport"'
 '1547259228152', '"Transport"'
 '1547259481822', '"Social"'
 '1547267101697', '"Professional Life"'
 '1547267410165', '"Social"'
 '1547273398160', '"Social"'
 '1547273556709', '"Social"'
 '1547274233455', '"Transport"'
 '1547276014095', '"No category"'
 '1547276282606', '"Personal Life"'
 '1547276393111', '"Social"'
 '1547277383979', '"Transport"'
 '1547277576724', '"Social"'
 '1547278545235', '"Transport"'
 '1547278662432', '"Transport"'
 '1547278976596', '"No category"'
 '1547279164622', '"Transport"'
 '1547279940713', '"Transport"'
 '1547280430605', '"Transport"'
 '1547281469184', '"Personal Life"'
 '1547281579046', '"Transport"'
 '1547282808404', '"Transport"'
 '1547283079432', '"No category"'
 '1547293913086', '"Transport"'
 '1547295039860', '"Personal Life"'
 '1547295250767', '"Transport"'
 '1547296273423', '"Transport"'
 '1547298238816', '"Transport"'
 '1547300066038', '"Personal Life"'
 '1547301442685', '"Social"'
 '1547301684082', '"Social"'
 '1547301784070', '"Personal Life"'
 '1547307180022', '"No category"'
 '1547309262656', '"Social"'
 '1547309684342', '"No category"'
 '1547317800000', '"No category"'
 '1547318385672', '"Resting"'
 '1547336219763', '"Personal Life"'
 '1547336348862', '"Resting"'
 '1547336691062', '"Social"'
 '1547336966761', '"Resting"'
 '1547338816581', '"No category"'
 '1547339105390', '"Resting"'
 '1547348877551', '"No category"'
 '1547349021250', '"Resting"'
 '1547350227535', '"Social"'
 '1547350337553', '"Resting"'
 '1547351212653', '"Social"'
 '1547351454396', '"Resting"'
 '1547352323582', '"No category"'
 '1547354211754', '"Resting"'
 '1547355281286', '"No category"'
 '1547356403552', '"Resting"'
 '1547358537049', '"No category"'
 '1547358996165', '"Resting"'
 '1547361583664', '"Transport"'
 '1547363242440', '"Transport"'
 '1547364112748', '"Transport"'
 '1547364458983', '"Transport"'
 '1547365032052', '"Transport"'
 '1547365244810', '"Transport"'
 '1547367366220', '"No category"'
 '1547367873184', '"Professional Life"'
 '1547371572095', '"No category"'
 '1547372184153', '"Social"'
 '1547372343688', '"Social"'
 '1547372677448', '"No category"'
 '1547373767282', '"Social"'
 '1547373911564', '"No category"'
 '1547374140431', '"Social"'
 '1547374349529', '"No category"'
 '1547375187989', '"Social"'
 '1547375317314', '"No category"'
 '1547376161720', '"Social"'
 '1547376324018', '"No category"'
 '1547379659243', '"Transport"'
 '1547381445147', '"Social"'
 '1547381588319', '"Transport"'
 '1547381735553', '"Transport"'
 '1547382184717', '"Transport"'
 '1547382401388', '"Personal Life"'
 '1547382499855', '"No category"'
 '1547382907266', '"Transport"'
 '1547383385833', '"Chores"'
 '1547383482151', '"Transport"'
 '1547384097857', '"Transport"'
 '1547385151783', '"Personal Life"'
 '1547385258595', '"Personal Life"'
 '1547385389981', '"Personal Life"'
 '1547385678069', '"No category"'
 '1547385784969', '"Personal Life"'
 '1547386282208', '"Social"'
 '1547386469007', '"Personal Life"'
 '1547389595241', '"No category"'
 '1547389724979', '"Personal Life"'
 '1547394136662', '"Social"'
 '1547394429257', '"Resting"'
 '1547404200000', '"Resting"'
 '1547421385649', '"Resting"'
 '1547422935554', '"Social"'
 '1547423177332', '"No category"'
 '1547423296144', '"Resting"'
 '1547426012111', '"No category"'
 '1547426553737', '"Resting"'
 '1547426951561', '"No category"'
 '1547427091024', '"Art & Entertainment"'
 '1547427223174', '"Transport"'
 '1547427656453', '"Resting"'
 '1547428114224', '"Social"'
 '1547428265579', '"Resting"'
 '1547431018559', '"Social"'
 '1547431142675', '"No category"'
 '1547431260871', '"Resting"'
 '1547437184124', '"Personal Life"'
 '1547437382696', '"Resting"'
 '1547439083406', '"Transport"'
 '1547439234218', '"Transport"'
 '1547439476509', '"Transport"'
 '1547440517974', '"Personal Life"'
 '1547440827592', '"Transport"'
 '1547441866797', '"Transport"'
 '1547442068259', '"Social"'
 '1547442348861', '"Transport"'
 '1547443314103', '"Personal Life"'
 '1547443410254', '"Transport"'
 '1547443638214', '"Transport"'
 '1547443901269', '"Transport"'
 '1547444133605', '"Transport"'
 '1547444438054', '"Transport"'
 '1547444859070', '"No category"'
 '1547446091945', '"Social"'
 '1547446367879', '"Social"'
 '1547447452283', '"Art & Entertainment"'
 '1547448750180', '"Art & Entertainment"'
 '1547455242243', '"Resting"'
 '1547455895744', '"Art & Entertainment"'
 '1547456009350', '"Resting"'
 '1547459288885', '"Art & Entertainment"'
 '1547459394287', '"Resting"'
 '1547459726394', '"No category"'
 '1547459878588', '"Resting"'
 '1547460549840', '"Art & Entertainment"'
 '1547460703426', '"Resting"'
 '1547461312589', '"Social"'
 '1547461495479', '"Resting"'
 '1547461658089', '"Social"'
 '1547461818022', '"Resting"'
 '1547464007695', '"Personal Life"'
 '1547464144956', '"Transport"'
 '1547464370026', '"Social"'
 '1547464890349', '"No category"'
 '1547465044471', '"Social"'
 '1547465182136', '"Transport"'
 '1547465705896', '"Social"'
 '1547466100946', '"Transport"'
 '1547469187132', '"Personal Life"'
 '1547469655413', '"No category"'
 '1547469756699', '"Personal Life"'
 '1547469910768', '"Social"'
 '1547470061375', '"Personal Life"'
 '1547472242668', '"Personal Life"'
 '1547472523327', '"Personal Life"'
 '1547473208107', '"Social"'
 '1547473309556', '"Personal Life"'
 '1547473920978', '"Social"'
 '1547474322647', '"Personal Life"'
 '1547475359463', '"Social"'
 '1547475567344', '"Personal Life"'
 '1547476566492', '"Art & Entertainment"'
 '1547476688722', '"Personal Life"'
 '1547477040228', '"Art & Entertainment"'
 '1547477379869', '"Personal Life"'
 '1547477613628', '"Personal Life"'
 '1547478214266', '"No category"'
 '1547478415366', '"Personal Life"'
 '1547478827506', '"Social"'
 '1547479039818', '"Art & Entertainment"'
 '1547480294065', '"Personal Life"'
 '1547490600000', '"Resting"'
 '1547506385052', '"Personal Life"'
 '1547506573708', '"Resting"'
 '1547506764378', '"Personal Life"'
 '1547508005105', '"No category"'
 '1547516872675', '"No category"'
 '1547517276757', '"Personal Life"'
 '1547517380307', '"No category"'
 '1547518582040', '"Chores"'
 '1547518698489', '"No category"'
 '1547518890525', '"Resting"'
 '1547521141988', '"Social"'
 '1547521253135', '"Resting"'
 '1547527770426', '"No category"'
 '1547528101506', '"Social"'
 '1547528269156', '"Resting"'
 '1547529298425', '"Art & Entertainment"'
 '1547529440615', '"Personal Life"'
 '1547529971625', '"Resting"'
 '1547530366108', '"Personal Life"'
 '1547531274301', '"Resting"'
 '1547532136175', '"Personal Life"'
 '1547532492376', '"Resting"'
 '1547535684900', '"Social"'
 '1547535987575', '"Resting"'
 '1547539683726', '"Art & Entertainment"'
 '1547539812073', '"Resting"'
 '1547540412929', '"No category"'
 '1547540887217', '"Resting"'
 '1547541619060', '"Social"'
 '1547542828437', '"Resting"'
 '1547543060791', '"No category"'
 '1547543188120', '"Resting"'
 '1547544143593', '"Personal Life"'
 '1547544347475', '"Resting"'
 '1547545521294', '"Personal Life"'
 '1547545735162', '"Resting"'
 '1547550523493', '"Art & Entertainment"'
 '1547550670847', '"Resting"'
 '1547550957957', '"No category"'
 '1547551205879', '"Social"'
 '1547551420559', '"Resting"'
 '1547555572285', '"Social"'
 '1547556001115', '"Resting"'
 '1547556146625', '"No category"'
 '1547556373896', '"Resting"'
 '1547556791224', '"No category"'
 '1547556990337', '"Resting"'
 '1547558976995', '"No category"'
 '1547559296472', '"Resting"'
 '1547560684693', '"No category"'
 '1547561071769', '"Resting"'
 '1547561751357', '"Personal Life"'
 '1547563883641', '"No category"'
 '1547563983377', '"Personal Life"'
 '1547564833557', '"No category"'
 '1547565214492', '"Resting"'
 '1547565591072', '"Social"'
 '1547565830923', '"Resting"'
 '1547566293428', '"Art & Entertainment"'
 '1547566402587', '"Resting"'
 '1547577000000', '"Resting"'
 '1547592783382', '"Personal Life"'
 '1547593125783', '"Resting"'
 '1547594508677', '"Resting"'
 '1547595934637', '"Resting"'
 '1547600044990', '"No category"'
 '1547601495296', '"Resting"'
 '1547605363819', '"Transport"'
 '1547605804927', '"Sport & Fitness"'
 '1547606035833', '"Transport"'
 '1547606374070', '"Social"'
 '1547606576509', '"Social"'
 '1547606676904', '"Professional Life"'
 '1547606868373', '"Social"'
 '1547611172384', '"No category"'
 '1547611644790', '"Social"'
 '1547613018457', '"No category"'
 '1547613218056', '"Social"'
 '1547616211069', '"Social"'
 '1547616381646', '"Art & Entertainment"'
 '1547616745341', '"Social"'
 '1547617028414', '"Art & Entertainment"'
 '1547617970915', '"Social"'
 '1547618836548', '"Transport"'
 '1547619065259', '"Transport"'
 '1547619577973', '"No category"'
 '1547619852946', '"No category"'
 '1547620453559', '"No category"'
 '1547620685471', '"Transport"'
 '1547621681026', '"Social"'
 '1547621806792', '"Professional Life"'
 '1547622346246', '"Personal Life"'
 '1547622458981', '"Professional Life"'
 '1547622589041', '"Transport"'
 '1547622833313', '"Transport"'
 '1547623211767', '"Transport"'
 '1547623413195', '"Social"'
 '1547623527773', '"Social"'
 '1547624603514', '"Transport"'
 '1547624856539', Choodasandra
 '1547625103241', '"Transport"'
 '1547625617348', '"Professional Life"'
 '1547630871913', '"Transport"'
 '1547631037859', '"Transport"'
 '1547631467567', '"Transport"'
 '1547632317860', '"No category"'
 '1547632466301', '"No category"'
 '1547632474805', '"No category"'
 '1547633136511', '"Art & Entertainment"'
 '1547634494822', '"Personal Life"'
 '1547635120018', '"Art & Entertainment"'
 '1547636329498', '"Personal Life"'
 '1547636529555', '"Personal Life"'
 '1547638621030', '"Personal Life"'
 '1547638900783', '"Personal Life"'
 '1547640300462', '"Social"'
 '1547640487615', '"Art & Entertainment"'
 '1547640767183', '"No category"'
 '1547641941293', '"Social"'
 '1547642319188', '"No category"'
 '1547642752469', '"Art & Entertainment"'
 '1547642929727', '"Professional Life"'
 '1547643726092', '"No category"'
 '1547644466077', '"Social"'
 '1547644698287', '"No category"'
 '1547645518634', '"No category"'
 '1547645647108', '"No category"'
 '1547645754094', '"No category"'
 '1547646113506', '"Personal Life"'
 '1547646233387', '"Transport"'
 '1547646775277', '"Personal Life"'
 '1547647383281', '"No category"'
 '1547647602558', '"Art & Entertainment"'
 '1547647731951', '"Personal Life"'
 '1547649966576', '"Social"'
 '1547650244450', '"Personal Life"'
 '1547650971378', '"Social"'
 '1547651544145', '"Personal Life"'
 '1547655945263', '"Art & Entertainment"'
 '1547657240921', '"Personal Life"'
 '1547663400000', '"Resting"'
 '1547679208558', '"Personal Life"'
 '1547680556791', '"Resting"'
 '1547682057885', '"Resting"'
 '1547690777933', '"Transport"'
 '1547692284115', '"Social"'
 '1547693528011', '"Art & Entertainment"'
 '1547694547898', '"No category"'
 '1547694792384', '"No category"'
 '1547695609980', '"Art & Entertainment"'
 '1547695784371', '"Social"'
 '1547696150479', '"Transport"'
 '1547696393238', Choodasandra
 '1547696601458', Choodasandra
 '1547703344246', Choodasandra
 '1547703459007', Choodasandra
 '1547705081330', Choodasandra
 '1547705435667', Choodasandra
 '1547705897463', '"Social"'
 '1547706244389', '"Art & Entertainment"'
 '1547706722740', '"Social"'
 '1547706899753', '"Art & Entertainment"'
 '1547707038071', '"Social"'
 '1547708866208', '"Transport"'
 '1547709906824', '"Professional Life"'
 '1547710555349', '"Transport"'
 '1547711454937', '"No category"'
 '1547712690904', Choodasandra
 '1547716799281', Choodasandra
 '1547717147420', '"Transport"'
 '1547718885133', '"Art & Entertainment"'
 '1547719351682', '"Art & Entertainment"'
 '1547719604384', '"Social"'
 '1547719708788', '"Art & Entertainment"'
 '1547720434445', '"No category"'
 '1547720531736', '"No category"'
 '1547722694125', Kasavanahalli
 '1547724241279', '"Art & Entertainment"'
 '1547727593248', '"Social"'
 '1547727781961', '"No category"'
 '1547728604186', '"Personal Life"'
 '1547728791860', '"Art & Entertainment"'
 '1547730395645', '"Personal Life"'
 '1547732049616', '"Social"'
 '1547732801898', '"Personal Life"'
 '1547733693952', '"No category"'
 '1547734288747', '"Personal Life"'
 '1547735022837', '"Social"'
 '1547735736548', '"Personal Life"'
 '1547736005243', '"Social"'
 '1547736113869', '"Personal Life"'
 '1547736336735', '"Social"'
 '1547736611101', '"Art & Entertainment"'
 '1547737086755', '"Personal Life"'
 '1547737327412', '"Transport"'
 '1547737521647', '"Social"'
 '1547737631650', '"Transport"'
 '1547737769417', '"Personal Life"'
 '1547738160109', '"Art & Entertainment"'
 '1547738632887', '"Transport"'
 '1547738918247', '"Art & Entertainment"'
 '1547739534516', '"Transport"'
 '1547739667509', '"Art & Entertainment"'
 '1547739841736', '"Art & Entertainment"'
 '1547739992837', '"Personal Life"'
 '1547741368033', '"Social"'
 '1547741514168', '"Personal Life"'
 '1547749800000', '"Resting"'
 '1547762775107', '"Resting"'
 '1547764935986', '"Transport"'
 '1547766676965', '"Resting"'
 '1547770281475', '"No category"'
 '1547770587685', '"Resting"'
 '1547773160210', '"Social"'
 '1547773298436', '"Resting"'
 '1547777754730', '"Transport"'
 '1547778349582', '"Transport"'
 '1547778608615', '"Social"'
 '1547778883769', '"Transport"'
 '1547778985445', '"Transport"'
 '1547779129395', '"Transport"'
 '1547779335033', '"Transport"'
 '1547779475366', '"Transport"'
 '1547779634160', '"Transport"'
 '1547780239204', '"Social"'
 '1547782327166', '"Social"'
 '1547782424991', '"Social"'
 '1547787067187', Choodasandra
 '1547787717118', Choodasandra
 '1547787958048', Choodasandra
 '1547788724643', Choodasandra
 '1547788872543', Choodasandra
 '1547789816465', Choodasandra
 '1547790046949', Choodasandra
 '1547795448342', '"No category"'
 '1547795697509', '"Transport"'
 '1547796241448', '"Professional Life"'
 '1547797224231', '"Personal Life"'
 '1547797370257', '"Transport"'
 '1547797817701', Choodasandra
 '1547798202552', Choodasandra
 '1547798604673', Choodasandra
 '1547798726152', Choodasandra
 '1547798861910', Choodasandra
 '1547798960072', Choodasandra
 '1547805809927', Choodasandra
 '1547806204231', '"Transport"'
 '1547806987004', '"Transport"'
 '1547807135248', '"Social"'
 '1547807284391', '"Transport"'
 '1547807564825', '"Social"'
 '1547807745478', '"Transport"'
 '1547808465988', '"Social"'
 '1547808615918', Kasavanahalli
 '1547809461377', '"Transport"'
 '1547809591841', Kasavanahalli
 '1547810014599', '"Transport"'
 '1547810222547', '"Personal Life"'
 '1547810584236', '"Transport"'
 '1547810766409', '"Transport"'
 '1547811960015', '"No category"'
 '1547836200000', '"No category"'
 '1547922600000', '"No category"'
 '1548009000000', '"No category"'
 '1548095400000', '"No category"'
 '1548181800000', '"No category"'
 '1548268200000', '"No category"'
 '1548354600000', '"No category"'
 '1548441000000', '"No category"'
 '1548527400000', '"No category"'
 '1548571593450', '"Professional Life"'
 '1548572152777', '"No category"'
 '1548572404614', '"Personal Life"'
 '1548572584219', '"No category"'
 '1548573235409', '"Personal Life"'
 '1548573373952', '"No category"'
 '1548573753755', '"Transport"'
 '1548573888082', '"Personal Life"'
 '1548574080184', '"No category"'
 '1548582266332', '"Social"'
 '1548582410740', '"No category"'
 '1548584033278', '"No category"'
 '1548584132594', '"No category"'
 '1548584605308', '"No category"'
 '1548589287928', '"No category"'
 '1548590306000', '"No category"'
 '1548592785496', '"No category"'
 '1548592935237', '"No category"'
 '1548593535457', '"Personal Life"'
 '1548594121556', '"No category"'
 '1548595626412', '"Transport"'
 '1548596008725', '"No category"'
 '1548597397690', '"Personal Life"'
 '1548598287504', '"No category"'
 '1548598653359', '"Social"'
 '1548598802465', '"Personal Life"'
 '1548599739173', '"No category"'
 '1548601711172', '"Social"'
 '1548602341710', '"Professional Life"'
 '1548602476684', '"No category"'
 '1548603597587', '"No category"'
 '1548603977611', '"No category"'
 '1548604287188', '"Social"'
 '1548604797046', '"No category"'
 '1548605945243', '"Social"'
 '1548606114353', '"Art & Entertainment"'
 '1548607031216', '"No category"'
 '1548613800000', '"No category"'
 '1548626938009', '"Personal Life"'
 '1548627743991', '"No category"'
 '1548629096726', '"Personal Life"'
 '1548629200264', '"No category"'
 '1548632021379', '"Social"'
 '1548632233777', '"Social"'
 '1548632498541', '"Art & Entertainment"'
 '1548632664458', '"Professional Life"'
 '1548633497174', '"Art & Entertainment"'
 '1548633857967', '"No category"'
 '1548634168309', '"No category"'
 '1548641253898', '"Social"'
 '1548642040730', '"No category"'
 '1548642551670', '"No category"'
 '1548642682573', '"No category"'
 '1548643094054', '"No category"'
 '1548643294650', '"No category"'
 '1548643765314', '"No category"'
 '1548643936086', '"No category"'
 '1548644105233', '"Professional Life"'
 '1548644808253', '"No category"'
 '1548645380779', '"Professional Life"'
 '1548645584764', '"No category"'
 '1548652801136', '"No category"'
 '1548652972736', '"No category"'
 '1548655389851', '"Social"'
 '1548656127482', '"Social"'
 '1548656373109', '"No category"'
 '1548656710633', '"No category"'
 '1548657916031', '"Personal Life"'
 '1548658503987', '"No category"'
 '1548661227692', '"No category"'
 '1548661844986', '"Art & Entertainment"'
 '1548662113328', '"Social"'
 '1548662350524', '"Social"'
 '1548662616523', '"No category"'
 '1548662913949', '"Personal Life"'
 '1548672214427', '"Social"'
 '1548672311031', '"Personal Life"'
 '1548672649995', '"Transport"'
 '1548673157465', '"Personal Life"'
 '1548673412273', '"Personal Life"'
 '1548673525063', '"Personal Life"'
 '1548673650821', '"Transport"'
 '1548674040013', '"No category"'
 '1548700200000', '"No category"'
 '1548723474372', '"Personal Life"'
 '1548723591216', '"No category"'
 '1548725043467', '"Personal Life"'
 '1548725236737', '"No category"'
 '1548728478275', '"Social"'
 '1548728605983', '"No category"'
 '1548731419246', '"No category"'
 '1548731778632', '"No category"'
 '1548732106283', '"No category"'
 '1548732214278', '"Social"'
 '1548732484946', '"No category"'
 '1548752079045', '"Social"'
 '1548752179535', '"Social"'
 '1548752356237', '"No category"'
 '1548755691500', '"Chores"'
 '1548755829090', '"No category"'
 '1548757849378', '"Social"'
 '1548758176289', '"No category"'
 '1548758460386', '"No category"'
 '1548758560830', '"No category"'
 '1548758704079', '"No category"'
 '1548759558827', '"Social"'
 '1548759765228', '"No category"'
 '1548770980909', '"Personal Life"'
 '1548771124089', '"Transport"'
 '1548771363636', '"Personal Life"'
 '1548771704836', '"Transport"'
 '1548775016335', '"No category"'
 '1548777582021', '"Social"'
 '1548777792119', '"No category"'
 '1548778436323', '"Social"'
 '1548780380267', '"No category"'
 '1548780600244', '"Art & Entertainment"'
 '1548780826789', '"No category"'
 '1548781110300', '"No category"'
 '1548782009129', '"No category"'
 '1548786600000', '"No category"'
 '1548807868325', '"No category"'
 '1548808052018', '"Social"'
 '1548808315098', '"Art & Entertainment"'
 '1548808728957', '"No category"'
 '1548808961375', '"Social"'
 '1548809085009', '"Personal Life"'
 '1548810212154', '"Social"'
 '1548810310747', '"Personal Life"'
 '1548815038242', '"Transport"'
 '1548815557769', '"Transport"'
 '1548815989213', '"Professional Life"'
 '1548819753956', '"Transport"'
 '1548820173071', '"No category"'
 '1548821664176', '"Professional Life"'
 '1548824545470', Choodasandra
 '1548832909260', Choodasandra
 '1548833341016', '"Transport"'
 '1548833819336', '"Professional Life"'
 '1548833990280', '"No category"'
 '1548834110116', '"Social"'
 '1548834260661', '"Professional Life"'
 '1548836624928', '"No category"'
 '1548836950810', '"Professional Life"'
 '1548838090840', '"No category"'
 '1548838217164', '"No category"'
 '1548838439916', '"Professional Life"'
 '1548838550971', '"Professional Life"'
 '1548842269980', '"Transport"'
 '1548842477889', '"Professional Life"'
 '1548843000603', '"Transport"'
 '1548843674139', '"Chores"'
 '1548843799833', '"Transport"'
 '1548844272305', '"Personal Life"'
 '1548845956272', '"Social"'
 '1548846224424', '"Personal Life"'
 '1548851348449', '"No category"'
 '1548852308300', '"Personal Life"'
 '1548854340019', '"Resting"'
 '1548854414329', '"No category"'
 '1548854589572', '"Resting"'
 '1548858253417', '"No category"'
 '1548858484078', '"Resting"'
 '1548858873831', '"No category"'
 '1548860016064', '"Art & Entertainment"'
 '1548860235484', '"No category"'
 '1548860524896', '"Resting"'
 '1548873000000', '"Resting"'
 '1548887041599', '"Personal Life"'
 '1548889252509', '"Resting"'
 '1548892245743', '"Social"'
 '1548892370774', '"Social"'
 '1548892587286', '"Resting"'
 '1548892880163', '"No category"'
 '1548893011031', '"Resting"'
 '1548895425026', '"Social"'
 '1548895866748', '"Resting"'
 '1548901471879', '"Social"'
 '1548901574043', Kasavanahalli
 '1548902122938', '"Transport"'
 '1548902898668', Choodasandra
 '1548910162934', '"Transport"'
 '1548910598029', '"Social"'
 '1548911124952', Choodasandra
 '1548914898768', '"Transport"'
 '1548915209317', '"Social"'
 '1548916219582', '"No category"'
 '1548916470118', '"Personal Life"'
 '1548916793229', '"No category"'
 '1548917083125', '"No category"'
 '1548917366368', '"Art & Entertainment"'
 '1548917505965', '"Social"'
 '1548917984853', '"No category"'
 '1548918684464', '"No category"'
 '1548919317583', '"Social"'
 '1548919467068', '"Transport"'
 '1548920237879', '"Personal Life"'
 '1548920796030', '"Social"'
 '1548920915213', '"Personal Life"'
 '1548922791593', '"Social"'
 '1548922914338', '"Personal Life"'
 '1548923162614', '"No category"'
 '1548923781248', '"Personal Life"'
 '1548934408873', '"Transport"'
 '1548935430073', '"Personal Life"'
 '1548935557776', '"Art & Entertainment"'
 '1548938931517', '"Personal Life"'
 '1548939326225', '"No category"'
 '1548939464761', '"Personal Life"'
 '1548940242056', '"Art & Entertainment"'
 '1548940727964', '"Personal Life"'
 '1548942746444', '"Social"'
 '1548943015004', '"No category"'
 '1548943114255', '"Social"'
 '1548943394912', '"Art & Entertainment"'
 '1548947675189', '"Personal Life"'
 '1548948798043', '"Resting"'
 '1548959400000', '"Resting"'
 '1548977173047', '"Social"'
 '1548977291080', '"Personal Life"'
 '1548979495879', '"Social"'
 '1548979656926', '"Personal Life"'
 '1548980304515', '"No category"'
 '1548981106682', '"Personal Life"'
 '1548981413114', '"No category"'
 '1548982656206', '"Art & Entertainment"'
 '1548982955952', '"Personal Life"'
 '1548987965810', '"Transport"'
 '1548988495974', '"Transport"'
 '1548988863615', '"Social"'
 '1548995032478', '"Social"'
 '1548995136834', '"Social"'
 '1548995708728', '"Art & Entertainment"'
 '1548995931770', '"Social"'
 '1548996184581', '"Transport"'
 '1548996411403', '"Transport"'
 '1548996850462', '"Professional Life"'
 '1548997218681', '"Transport"'
 '1548997539990', Choodasandra
 '1549003854802', '"Transport"'
 '1549004170552', '"Sport & Fitness"'
 '1549004354942', '"No category"'
 '1549005002642', '"Transport"'
 '1549005206350', '"Social"'
 '1549006256323', '"Transport"'
 '1549006471557', Choodasandra
 '1549006739807', Choodasandra
 '1549006930549', Choodasandra
 '1549015527529', '"Transport"'
 '1549016007645', '"Transport"'
 '1549016737974', '"Transport"'
 '1549016977263', '"Personal Life"'
 '1549017523631', '"Social"'
 '1549017892403', '"Personal Life"'
 '1549018657282', '"No category"'
 '1549018889281', '"Personal Life"'
 '1549019681338', '"Social"'
 '1549019872027', '"Personal Life"'
 '1549020340765', '"Social"'
 '1549020445465', '"Personal Life"'
 '1549020916437', '"No category"'
 '1549021168433', '"Personal Life"'
 '1549021470225', '"Personal Life"'
 '1549021700849', '"Personal Life"'
 '1549028138353', '"No category"'
 '1549028300115', '"Personal Life"'
 '1549028834693', '"No category"'
 '1549029264097', '"Personal Life"'
 '1549029561611', '"No category"'
 '1549031423338', '"Art & Entertainment"'
 '1549032394851', '"Art & Entertainment"'
 '1549032599570', '"Transport"'
 '1549032807186', '"Personal Life"'
 '1549033034859', '"Transport"'
 '1549033315630', '"Personal Life"'
 '1549034093042', '"Personal Life"'
 '1549034217787', '"Personal Life"'
 '1549034379708', '"Transport"'
 '1549034625565', '"Personal Life"'
 '1549034764132', '"Transport"'
 '1549035050295', '"Personal Life"'
 '1549035255429', '"No category"'
 '1549035864827', '"Art & Entertainment"'
 '1549036077070', '"Transport"'
 '1549036200749', '"Art & Entertainment"'
 '1549036431549', '"Personal Life"'
 '1549036652454', '"Art & Entertainment"'
 '1549036892093', '"Transport"'
 '1549037216848', '"Art & Entertainment"'
 '1549037394129', '"Transport"'
 '1549037539031', '"Art & Entertainment"'
 '1549038015144', '"Transport"'
 '1549038337141', '"Social"'
 '1549038990934', '"Personal Life"'
 '1549039525627', '"Transport"'
 '1549039726054', '"Personal Life"'
 '1549040392530', '"Art & Entertainment"'
 '1549040765267', '"Social"'
 '1549040872325', '"Personal Life"'
 '1549045800000', '"Resting"'
 '1549060203989', '"No category"'
 '1549132200000', '"No category"'
 '1549218600000', '"No category"'
 '1549305000000', '"No category"'
 '1549360501499', '"Resting"'
 '1549374072229', '"Resting"'
 '1549374291722', '"Resting"'
 '1549375449675', '"Social"'
 '1549375668693', '"Personal Life"'
 '1549376140369', '"Resting"'
 '1549377088686', '"Art & Entertainment"'
 '1549378683931', '"Personal Life"'
 '1549378961972', '"Social"'
 '1549379098188', '"Resting"'
 '1549379343668', '"No category"'
 '1549380875698', '"Resting"'
 '1549385667351', '"Social"'
 '1549385863371', '"Resting"'
 '1549386435800', '"Social"'
 '1549386600367', '"Social"'
 '1549386758700', '"Resting"'
 '1549387019251', '"Social"'
 '1549387132047', '"Resting"'
 '1549391400000', '"Resting"'
 '1549393498568', '"Social"'
 '1549393621403', '"Social"'
 '1549393902044', '"Resting"'
 '1549395356580', '"Art & Entertainment"'
 '1549396866271', '"Resting"'
 '1549405858407', '"Personal Life"'
 '1549414887490', '"Resting"'
 '1549436451077', '"Art & Entertainment"'
 '1549436759594', '"Resting"'
 '1549446901568', Choodasandra
 '1549447242889', Choodasandra
 '1549447743124', '"Transport"'
 '1549448220067', Choodasandra
 '1549448637114', '"Transport"'
 '1549448925855', Choodasandra
 '1549449652563', Choodasandra
 '1549450203847', '"Social"'
 '1549450349060', '"Transport"'
 '1549450501753', Kasavanahalli
 '1549451494123', Kasavanahalli
 '1549451724270', Kasavanahalli
 '1549452154404', '"No category"'
 '1549453493248', Kasavanahalli
 '1549453856497', '"Transport"'
 '1549454338719', Kasavanahalli
 '1549454700343', Kasavanahalli
 '1549455310012', Kasavanahalli
 '1549455703923', Kasavanahalli
 '1549455937850', '"Transport"'
 '1549456293671', Kasavanahalli
 '1549457308776', '"No category"'
 '1549459159893', '"Transport"'
 '1549459370614', Kasavanahalli
 '1549459891115', '"Transport"'
 '1549461081677', Kasavanahalli
 '1549461308307', Kasavanahalli
 '1549462239005', Kasavanahalli
 '1549463834460', '"Personal Life"'
 '1549464278490', '"Art & Entertainment"'
 '1549465147444', '"Social"'
 '1549465307839', '"Personal Life"'
 '1549465449297', '"Social"'
 '1549465891437', '"Social"'
 '1549466067907', '"Personal Life"'
 '1549467992589', '"Social"'
 '1549468246479', '"Personal Life"'
 '1549477800000', '"Resting"'
 '1549492860043', '"No category"'
 '1549564200000', '"No category"'
 '1549637116132', '"Resting"'
 '1549639866071', '"Social"'
 '1549640087730', '"Social"'
 '1549640244851', '"Art & Entertainment"'
 '1549640580077', '"Resting"'
 '1549641101483', '"Art & Entertainment"'
 '1549641198858', '"Resting"'
 '1549650600000', '"Resting"'
 '1549678101470', '"Social"'
 '1549678218209', '"Resting"'
 '1549679527380', '"Social"'
 '1549679773012', '"Art & Entertainment"'
 '1549679896787', '"Resting"'
 '1549681453250', '"Personal Life"'
 '1549681639342', '"Resting"'
 '1549686236350', '"Transport"'
 '1549686381174', '"Transport"'
 '1549686535194', '"Resting"'
 '1549688950896', '"Social"'
 '1549689047843', '"Resting"'
 '1549693925552', '"Social"'
 '1549694036757', '"Personal Life"'
 '1549694281762', '"Resting"'
 '1549695638353', '"Personal Life"'
 '1549695738319', '"Resting"'
 '1549695903539', '"Social"'
 '1549696038207', '"Social"'
 '1549696334606', '"Social"'
 '1549696573110', '"Resting"'
 '1549698817343', '"Art & Entertainment"'
 '1549698994092', '"Resting"'
 '1549713728595', '"Social"'
 '1549714043872', '"Social"'
 '1549714232993', '"Resting"'
 '1549717062397', '"Social"'
 '1549717269877', '"No category"'
 '1549718410963', '"Resting"'
 '1549718632592', '"No category"'
 '1549719832463', '"Social"'
 '1549720008705', '"Resting"'
 '1549721261843', '"Social"'
 '1549721387309', '"Resting"'
 '1549721805280', '"Social"'
 '1549722137051', '"No category"'
 '1549722786641', '"Resting"'
 '1549723521948', '"Personal Life"'
 '1549723882329', '"No category"'
 '1549724153361', '"No category"'
 '1549724323467', '"Personal Life"'
 '1549727752426', '"Resting"'
 '1549737000000', '"Resting"'
 '1549748376278', '"Personal Life"'
 '1549748984420', '"No category"'
 '1549750399576', '"Personal Life"'
 '1549753383496', '"Personal Life"'
 '1549755155653', '"Personal Life"'
 '1549762280517', '"No category"'
 '1549762801432', '"Personal Life"'
 '1549763567845', '"Transport"'
 '1549763740894', '"Personal Life"'
 '1549764697334', '"Transport"'
 '1549765158418', '"Transport"'
 '1549766490778', '"Transport"'
 '1549766868003', '"Social"'
 '1549766969874', '"Transport"'
 '1549767281513', '"Personal Life"'
 '1549769025143', '"Social"'
 '1549769385219', '"Personal Life"'
 '1549769516433', '"Art & Entertainment"'
 '1549769823557', '"Personal Life"'
 '1549771220291', '"Transport"'
 '1549771894606', '"Personal Life"'
 '1549772161410', '"Transport"'
 '1549773571195', '"Transport"'
 '1549773988017', '"Personal Life"'
 '1549774325867', '"No category"'
 '1549775145532', '"Personal Life"'
 '1549775610285', '"Transport"'
 '1549775833531', '"Social"'
 '1549775981247', '"Personal Life"'
 '1549776456835', '"Transport"'
 '1549776765092', '"Transport"'
 '1549776951004', '"Personal Life"'
 '1549777110095', '"Personal Life"'
 '1549777327267', '"No category"'
 '1549778504571', '"Personal Life"'
 '1549780133177', '"No category"'
 '1549780364731', '"Transport"'
 '1549780686441', '"Transport"'
 '1549780827541', '"Transport"'
 '1549781856165', '"Transport"'
 '1549783412900', '"Transport"'
 '1549783740057', '"Transport"'
 '1549784999311', '"Personal Life"'
 '1549785127455', '"Transport"'
 '1549785557920', '"Personal Life"'
 '1549793188831', '"Social"'
 '1549793650824', '"Personal Life"'
 '1549797041377', '"Transport"'
 '1549797446380', '"Transport"'
 '1549798105980', '"Transport"'
 '1549799653614', '"Personal Life"'
 '1549800207933', '"Transport"'
 '1549800863115', '"No category"'
 '1549800997614', '"Transport"'
 '1549801593297', '"Personal Life"'
 '1549801764523', '"Transport"'
 '1549803446461', '"Transport"'
 '1549804795217', '"Personal Life"'
 '1549805468401', '"Transport"'
 '1549806220497', '"Transport"'
 '1549806850194', '"Transport"'
 '1549807135178', '"Personal Life"'
 '1549808112359', '"No category"'
 '1549808285007', '"No category"'
 '1549808493621', '"Personal Life"'
 '1549810052927', '"Social"'
 '1549810338706', '"Personal Life"'
 '1549810520941', '"Social"'
 '1549810827837', '"Personal Life"'
 '1549812643932', '"No category"'
 '1549812776647', '"Personal Life"'
 '1549813650871', '"Social"'
 '1549813871952', '"Art & Entertainment"'
 '1549814068957', '"Social"'
 '1549814244054', '"Personal Life"'
 '1549814517109', '"Social"'
 '1549814894248', '"Art & Entertainment"'
 '1549815026931', '"Personal Life"'
 '1549816125249', '"Social"'
 '1549816270181', '"No category"'
 '1549816495496', '"Personal Life"'
 '1549817874742', '"Social"'
 '1549818271416', '"No category"'
 '1549818497857', '"Personal Life"'
 '1549819127861', '"Art & Entertainment"'
 '1549820185534', '"Personal Life"'
 '1549823400000', '"Resting"'
 '1549847878791', '"Personal Life"'
 '1549849180292', '"Art & Entertainment"'
 '1549849309226', '"Personal Life"'
 '1549852120236', '"Transport"'
 '1549853144742', '"Personal Life"'
 '1549857048046', '"Art & Entertainment"'
 '1549857196227', '"Personal Life"'
 '1549859603355', '"Social"'
 '1549859739001', '"Personal Life"'
 '1549865869817', '"No category"'
 '1549866176667', '"Personal Life"'
 '1549867568856', '"Social"'
 '1549867682983', '"Personal Life"'
 '1549869053516', '"Transport"'
 '1549869277001', '"Personal Life"'
 '1549869412027', '"Art & Entertainment"'
 '1549869629603', '"Art & Entertainment"'
 '1549869928101', '"Transport"'
 '1549870614732', '"Personal Life"'
 '1549873260017', '"Resting"'
 '1549874563711', '"Social"'
 '1549874695661', '"Resting"'
 '1549884698510', '"Social"'
 '1549884864479', '"Resting"'
 '1549887441674', '"No category"'
 '1549887640259', '"Social"'
 '1549887813036', '"Resting"'
 '1549899824280', '"No category"'
 '1549900615192', '"Resting"'
 '1549901523777', '"No category"'
 '1549909800000', '"No category"'
 '1549996200000', '"No category"'
 '1550082600000', '"No category"'
 '1550169000000', '"No category"'
 '1550255400000', '"No category"'
 '1550281086983', '"No category"'
 '1550281413549', '"No category"'
 '1550284319460', '"Social"'
 '1550284505341', '"No category"'
 '1550286536682', '"Social"'
 '1550287247606', '"No category"'
 '1550288423986', '"No category"'
 '1550288671454', '"No category"'
 '1550289413078', '"No category"'
 '1550293837647', '"Social"'
 '1550295927989', '"No category"'
 '1550296112411', '"No category"'
 '1550296597613', '"Social"'
 '1550296705200', '"No category"'
 '1550297889019', '"Art & Entertainment"'
 '1550298088704', '"No category"'
 '1550299861080', '"No category"'
 '1550300022601', '"No category"'
 '1550300947563', '"No category"'
 '1550301109365', '"Transport"'
 '1550301213361', '"Transport"'
 '1550301518364', '"Transport"'
 '1550301764534', '"No category"'
 '1550304060128', '"No category"'
 '1550304316659', '"No category"'
 '1550311716820', '"No category"'
 '1550311916930', '"No category"'
 '1550315767973', '"No category"'
 '1550316848768', '"No category"'
 '1550317836070', '"No category"'
 '1550318148204', '"No category"'
 '1550318526311', '"No category"'
 '1550318922103', '"Social"'
 '1550319408350', '"No category"'
 '1550320494365', '"No category"'
 '1550320621419', '"No category"'
 '1550320895335', '"Social"'
 '1550321026162', '"No category"'
 '1550321442420', '"No category"'
 '1550321571582', '"No category"'
 '1550322038186', '"Social"'
 '1550322174048', '"No category"'
 '1550325251809', '"Personal Life"'
 '1550325443382', '"No category"'
 '1550326644767', '"Social"'
 '1550326792738', '"Social"'
 '1550326972864', '"No category"'
 '1550327739737', '"No category"'
 '1550328318995', '"No category"'
 '1550328524933', '"No category"'
 '1550341800000', '"No category"'
 '1550362209505', '"Social"'
 '1550362444335', '"No category"'
 '1550364121409', '"Resting"'
 '1550364724774', '"No category"'
 '1550365129176', '"Art & Entertainment"'
 '1550365289739', '"No category"'
 '1550365482556', '"No category"'
 '1550365741190', '"Resting"'
 '1550374070407', '"Transport"'
 '1550374412314', '"Resting"'
 '1550379072073', '"Social"'
 '1550379325298', '"No category"'
 '1550379599381', '"No category"'
 '1550379898762', '"Art & Entertainment"'
 '1550379998151', '"Personal Life"'
 '1550380622498', '"No category"'
 '1550380906848', '"Personal Life"'
 '1550381552902', '"No category"'
 '1550382316995', '"Personal Life"'
 '1550382916291', '"Chores"'
 '1550383284632', '"Personal Life"'
 '1550385289339', '"Transport"'
 '1550386247093', '"Personal Life"'
 '1550386343154', '"Transport"'
 '1550386510506', '"Transport"'
 '1550387452590', '"Transport"'
 '1550387585948', '"Transport"'
 '1550387970641', '"Transport"'
 '1550388277697', '"No category"'
 '1550388659039', '"Personal Life"'
 '1550395519124', '"No category"'
 '1550395985450', Jayanagar
 '1550397704076', Jayanagar
 '1550397839880', Jayanagar
 '1550398211467', Jayanagar
 '1550402405728', Jayanagar
 '1550402569411', Jayanagar
 '1550402865993', '"Personal Life"'
 '1550406299714', '"Transport"'
 '1550407321015', '"Art & Entertainment"'
 '1550407961422', '"Personal Life"'
 '1550408528344', '"Social"'
 '1550408688856', '"Personal Life"'
 '1550409979592', '"No category"'
 '1550410221514', '"Personal Life"'
 '1550411768610', '"No category"'
 '1550412403252', '"Social"'
 '1550413614932', '"No category"'
 '1550413819613', '"Art & Entertainment"'
 '1550414706101', '"Social"'
 '1550414941948', '"Art & Entertainment"'
 '1550416598794', '"Personal Life"'
 '1550418942354', '"Social"'
 '1550419067598', '"Professional Life"'
 '1550421262177', '"Art & Entertainment"'
 '1550421370049', '"Professional Life"'
 '1550422054105', '"Art & Entertainment"'
 '1550422209508', '"Personal Life"'
 '1550422702278', '"Art & Entertainment"'
 '1550422937139', '"Social"'
 '1550423149354', '"Art & Entertainment"'
 '1550423639051', '"Personal Life"'
 '1550428200000', '"Resting"'
 '1550450075749', '"Personal Life"'
 '1550455349364', '"Professional Life"'
 '1550456517512', '"No category"'
 '1550456864326', '"Transport"'
 '1550457746469', '"Personal Life"'
 '1550457874417', '"Social"'
 '1550458072962', '"No category"'
 '1550458239894', '"Social"'
 '1550458955523', '"Professional Life"'
 '1550460256049', '"Professional Life"'
 '1550460758554', '"Professional Life"'
 '1550461347988', '"Social"'
 '1550464995483', '"Professional Life"'
 '1550465119736', '"Transport"'
 '1550465443727', '"Social"'
 '1550465564286', '"Professional Life"'
 '1550466121899', '"Social"'
 '1550469276747', '"Professional Life"'
 '1550469564934', '"Social"'
 '1550474085380', '"Professional Life"'
 '1550474999260', '"Professional Life"'
 '1550475466460', Choodasandra
 '1550475580812', Choodasandra
 '1550475785776', Choodasandra
 '1550475899938', Choodasandra
 '1550478460778', '"Transport"'
 '1550478765552', '"Personal Life"'
 '1550478887219', '"Transport"'
 '1550479207913', Choodasandra
 '1550482123715', Choodasandra
 '1550482321262', '"Professional Life"'
 '1550490869524', '"Transport"'
 '1550491080996', '"Professional Life"'
 '1550491219078', '"Social"'
 '1550491817571', '"Transport"'
 '1550491975027', '"Professional Life"'
 '1550492103009', '"Personal Life"'
 '1550496289624', '"Social"'
 '1550496404231', '"Personal Life"'
 '1550497969271', '"Transport"'
 '1550498320106', '"No category"'
 '1550498615028', '"Transport"'
 '1550498870297', '"Transport"'
 '1550499149030', '"Transport"'
 '1550500049179', '"Social"'
 '1550500205938', '"Personal Life"'
 '1550502847920', '"Social"'
 '1550503020009', '"No category"'
 '1550514600000', '"No category"'
 '1550530611809', '"Personal Life"'
 '1550535892841', '"No category"'
 '1550536382585', '"Professional Life"'
 '1550538587760', '"No category"'
 '1550539350570', '"Art & Entertainment"'
 '1550539599675', '"Professional Life"'
 '1550539972320', '"No category"'
 '1550561151263', '"Art & Entertainment"'
 '1550561808620', '"No category"'
 '1550564619464', '"No category"'
 '1550564742966', '"No category"'
 '1550565056664', '"Professional Life"'
 '1550565242475', '"No category"'
 '1550565814942', '"No category"'
 '1550566417550', '"No category"'
 '1550571111082', '"Social"'
 '1550571251972', '"No category"'
 '1550571499989', '"No category"'
 '1550572380318', '"Social"'
 '1550573159851', '"No category"'
 '1550573645562', '"No category"'
 '1550573796859', '"No category"'
 '1550585904474', '"Personal Life"'
 '1550586465417', '"Transport"'
 '1550586868870', '"No category"'
 '1550588424804', '"Transport"'
 '1550588587370', '"Social"'
 '1550588767484', '"Social"'
 '1550589078225', '"Art & Entertainment"'
 '1550589353445', '"No category"'
 '1550591875646', '"Social"'
 '1550591996967', '"No category"'
 '1550594904873', '"Social"'
 '1550595308100', '"No category"'
 '1550598354786', '"Social"'
 '1550598650375', '"No category"'
 '1550599716169', '"Personal Life"'
 '1550601000000', '"Personal Life"'
 '1550602781491', '"Resting"'
 '1550620614783', '"Personal Life"'
 '1550620950070', '"Resting"'
 '1550622808218', '"Social"'
 '1550622977711', '"Resting"'
 '1550623601870', '"Social"'
 '1550623699812', '"Resting"'
 '1550629465131', '"No category"'
 '1550629561835', '"Transport"'
 '1550630523645', '"Personal Life"'
 '1550636133323', '"Professional Life"'
 '1550638452531', '"Personal Life"'
 '1550638622064', '"Professional Life"'
 '1550638860057', '"Social"'
 '1550639025574', '"Professional Life"'
 '1550639214507', '"Social"'
 '1550639535224', '"Professional Life"'
 '1550640354672', '"Social"'
 '1550642940664', '"Professional Life"'
 '1550643248532', '"Social"'
 '1550644539176', '"Personal Life"'
 '1550644679092', '"Social"'
 '1550646732019', '"Transport"'
 '1550647123688', '"No category"'
 '1550647472144', '"Personal Life"'
 '1550648083672', '"Transport"'
 '1550648331372', '"Transport"'
 '1550648589044', Choodasandra
 '1550657536584', '"Professional Life"'
 '1550664644642', '"Transport"'
 '1550665016712', '"Transport"'
 '1550666433992', '"Personal Life"'
 '1550666804717', '"Social"'
 '1550671446123', '"Transport"'
 '1550671615714', '"Transport"'
 '1550671773360', '"Personal Life"'
 '1550672109415', '"Transport"'
 '1550672975413', '"Professional Life"'
 '1550673758530', '"No category"'
 '1550674113408', '"Professional Life"'
 '1550674330227', '"No category"'
 '1550674533061', '"Transport"'
 '1550674744653', '"Personal Life"'
 '1550680589005', '"Social"'
 '1550680771823', '"Personal Life"'
 '1550682467857', '"No category"'
 '1550682731643', '"Social"'
 '1550683030820', '"Personal Life"'
 '1550683228351', '"No category"'
 '1550683918612', '"Resting"'
 '1550687400000', '"Resting"'
 '1550708904197', '"Art & Entertainment"'
 '1550709671289', '"Resting"'
 '1550715935141', '"Transport"'
 '1550717004618', Choodasandra
 '1550717159729', Choodasandra
 '1550724875083', Choodasandra
 '1550725232045', '"Transport"'
 '1550725380366', '"Professional Life"'
 '1550729320162', '"Transport"'
 '1550729587797', '"Social"'
 '1550732793771', '"Transport"'
 '1550733383641', '"No category"'
 '1550733559209', '"Art & Entertainment"'
 '1550734079077', '"Professional Life"'
 '1550734316034', '"Transport"'
 '1550734662733', '"Professional Life"'
 '1550739499826', '"Transport"'
 '1550739786329', Choodasandra
 '1550739950480', Choodasandra
 '1550743395464', '"Transport"'
 '1550744532439', '"Professional Life"'
 '1550745092199', '"No category"'
 '1550745190393', '"Social"'
 '1550745293387', '"Professional Life"'
 '1550745721725', '"Social"'
 '1550746413208', '"Transport"'
 '1550746673719', '"Transport"'
 '1550747051186', '"Transport"'
 '1550747527575', '"Personal Life"'
 '1550747995948', '"No category"'
 '1550748093840', '"Personal Life"'
 '1550752195774', '"No category"'
 '1550752404029', '"Art & Entertainment"'
 '1550752619759', '"No category"'
 '1550752870662', '"Personal Life"'
 '1550772040377', '"Social"'
 '1550772243153', '"Personal Life"'
 '1550773800000', '"Personal Life"'
 '1550773931138', '"No category"'
 '1550774068834', '"Personal Life"'
 '1550774469275', '"Art & Entertainment"'
 '1550774598820', '"Personal Life"'
 '1550779083613', '"Art & Entertainment"'
 '1550779445131', '"Personal Life"'
 '1550782916863', '"No category"'
 '1550783097061', '"Personal Life"'
 '1550784147723', '"Personal Life"'
 '1550784271525', '"Personal Life"'
 '1550784574664', '"No category"'
 '1550784675748', '"Personal Life"'
 '1550788512470', '"Art & Entertainment"'
 '1550788834921', '"Personal Life"'
 '1550789073050', '"Social"'
 '1550789179025', '"Art & Entertainment"'
 '1550789286607', '"Resting"'
 '1550799491976', '"Personal Life"'
 '1550802459519', '"No category"'
 '1550803232966', '"Personal Life"'
 '1550803353348', '"No category"'
 '1550803593655', '"No category"'
 '1550804426086', '"No category"'
 '1550805705895', '"No category"'
 '1550806178602', '"Personal Life"'
 '1550806303519', '"No category"'
 '1550807209966', '"Art & Entertainment"'
 '1550807514605', '"Art & Entertainment"'
 '1550807809261', '"Art & Entertainment"'
 '1550808262179', '"Personal Life"'
 '1550812040875', '"Social"'
 '1550813369265', '"Personal Life"'
 '1550814168345', '"No category"'
 '1550814287939', '"Personal Life"'
 '1550814405938', '"Personal Life"'
 '1550816233335', '"Social"'
 '1550816387595', '"Personal Life"'
 '1550817392120', '"Personal Life"'
 '1550817644819', '"No category"'
 '1550817797614', '"Personal Life"'
 '1550831571883', '"Art & Entertainment"'
 '1550831688430', '"Personal Life"'
 '1550832385525', '"Personal Life"'
 '1550833080074', '"No category"'
 '1550833368733', '"Personal Life"'
 '1550833705711', '"Personal Life"'
 '1550834460235', '"Transport"'
 '1550834771089', '"No category"'
 '1550834875161', '"Transport"'
 '1550835466658', '"Personal Life"'
 '1550835998036', '"No category"'
 '1550836292943', '"Personal Life"'
 '1550838523220', '"Art & Entertainment"'
 '1550838934503', '"Personal Life"'
 '1550841051169', '"No category"'
 '1550841390247', '"Personal Life"'
 '1550841556904', '"Transport"'
 '1550843158405', '"No category"'
 '1550843401372', '"Personal Life"'
 '1550845528646', '"No category"'
 '1550845667657', '"Personal Life"'
 '1550846578514', '"No category"'
 '1550846858028', '"Personal Life"'
 '1550847277373', '"Social"'
 '1550847399295', '"Personal Life"'
 '1550847634870', '"Social"'
 '1550848086623', '"Personal Life"'
 '1550848610384', '"Social"'
 '1550849132701', '"Personal Life"'
 '1550851791152', '"Personal Life"'
 '1550851992444', '"Art & Entertainment"'
 '1550852125339', '"Transport"'
 '1550852368415', '"Art & Entertainment"'
 '1550852705882', '"Personal Life"'
 '1550853026271', '"Art & Entertainment"'
 '1550853410885', '"Social"'
 '1550854014374', '"Personal Life"'
 '1550854578267', '"Social"'
 '1550854781247', '"Personal Life"'
 '1550855910135', '"Social"'
 '1550856400563', '"Personal Life"'
 '1550857579512', '"No category"'
 '1550858266256', '"No category"'
 '1550858420470', '"Personal Life"'
 '1550858424766', '"Art & Entertainment"'
 '1550860200000', '"Art & Entertainment"'
 '1550862004288', '"Personal Life"'
 '1550862457901', '"Social"'
 '1550862555604', '"Resting"'
 '1550884201705', '"Personal Life"'
 '1550884474418', '"Personal Life"'
 '1550884882945', '"Personal Life"'
 '1550889834745', '"No category"'
 '1550890259791', '"Personal Life"'
 '1550891746358', '"Transport"'
 '1550892452762', '"Transport"'
 '1550892846518', '"Social"'
 '1550893472736', '"Personal Life"'
 '1550895232572', '"Transport"'
 '1550895535113', '"Transport"'
 '1550895838631', '"Transport"'
 '1550896211969', Jayanagar
 '1550903168535', Jayanagar
 '1550903385961', Jayanagar
 '1550903791571', Jayanagar
 '1550903947812', Jayanagar
 '1550904749639', '"No category"'
 '1550907942843', '"Social"'
 '1550908175757', '"Social"'
 '1550908314537', '"Social"'
 '1550908623768', Jayanagar
 '1550909095009', Jayanagar
 '1550916170397', Jayanagar
 '1550916290882', Jayanagar
 '1550920229026', '"No category"'
 '1550920524546', '"Transport"'
 '1550920758039', '"Social"'
 '1550920974332', '"No category"'
 '1550921295332', '"Transport"'
 '1550921642601', '"No category"'
 '1550921806205', '"Transport"'
 '1550922503597', '"No category"'
 '1550923111002', '"Transport"'
 '1550923472246', '"Transport"'
 '1550923569129', '"Transport"'
 '1550924488501', '"Transport"'
 '1550926328375', '"Personal Life"'
 '1550926687444', '"Transport"'
 '1550927018282', '"Personal Life"'
 '1550927694276', '"Transport"'
 '1550928118986', '"Personal Life"'
 '1550928498665', '"No category"'
 '1550928716130', '"Social"'
 '1550928977979', '"Art & Entertainment"'
 '1550929334159', '"Personal Life"'
 '1550931186827', '"No category"'
 '1550931729746', '"Social"'
 '1550932127745', '"No category"'
 '1550932473908', '"Social"'
 '1550932495362', '"No category"'
 '1550932505455', '"Personal Life"'
